,ID,N_VICTIMAS,FECHA,HH,LUGAR_DEL_HECHO,TIPO_DE_CALLE,COMUNA,pos x,pos y,VICTIMA,ACUSADO
0,2016-0001,1,2016-01-01,4,AV PIEDRA BUENA Y AV FERNANDEZ DE LA CRUZ,AVENIDA,8,-58.47533969,-34.68757022,MOTO,AUTO
1,2016-0002,1,2016-01-02,1,AV GRAL PAZ  Y AV DE LOS CORRALES,GRAL PAZ,9,-58.50877521,-34.66977709,AUTO,PASAJEROS
2,2016-0003,1,2016-01-03,7,AV ENTRE RIOS 2034,AVENIDA,1,-58.39040293,-34.63189362,MOTO,AUTO
3,2016-0004,1,2016-01-10,0,AV LARRAZABAL Y GRAL VILLEGAS CONRADO,AVENIDA,8,-58.46503904,-34.68092974,MOTO,SD
4,2016-0005,1,2016-01-21,5,AV SAN JUAN Y PRESIDENTE LUIS SAENZ PEÑA ,AVENIDA,1,-58.38718297,-34.6224663,MOTO,PASAJEROS
5,2016-0008,1,2016-01-24,18,AV 27 DE FEBRERO Y AV ESCALADA,AVENIDA,8,-58.44451316,-34.68475866,MOTO,OBJETO FIJO
6,2016-0009,1,2016-01-24,19,NOGOYA Y JOAQUIN V. GONZALES,CALLE,11,-58.50095869,-34.6082544,MOTO,AUTO
7,2016-0010,1,2016-01-29,15,AV GENERAL PAZ Y AV DE LOS CORRALES,GRAL PAZ,9,-58.50877521,-34.66977709,MOTO,AUTO
8,2016-0012,1,2016-02-08,1,AV BELGRANO Y BERNARDO DE IRIGOYEN,AVENIDA,1,-58.38048577,-34.61303893,MOTO,CARGAS
9,2016-0013,1,2016-02-10,11,AV ENTRE RIOS 1366,AVENIDA,1,-58.39114932,-34.62477387,PEATON,AUTO
10,2016-0015,1,2016-02-14,5,AV SCALABRINI ORTIZ Y VERA,AVENIDA,15,-58.4376002,-34.59912758,PEATON,AUTO
11,2016-0016,1,2016-02-14,22,AV REGIMIENTO DE PATRICIOS Y QUINQUELA MARTIN BENITO,AVENIDA,4,-58.36882665,-34.64291993,MOTO,AUTO
12,2016-0017,1,2016-02-15,16,MARIANO ACOSTA Y ANA MARIA JANER,AVENIDA,8,-58.44989671,-34.65970435,PEATON,MOTO
13,2016-0019,1,2016-02-17,9,LISANDRO DE LA TORRE Y SEVERO GARCIA GRANDE DE ZEQUEIRA ,CALLE,9,-58.50990884,-34.65468721,PEATON,PASAJEROS
14,2016-0020,1,2016-02-17,16,SUIPACHA 156,CALLE,1,-58.37952223,-34.60653282,PEATON,AUTO
15,2016-0021,1,2016-02-17,23,AV DIRECTORIO Y CURAPALIGUE,AVENIDA,7,-58.45157703,-34.63063795,AUTO,AUTO
16,2016-0022,1,2016-02-21,6,AV 9 DE JULIO Y ADOLFO ALSINA,AVENIDA,1,-58.38144696,-34.61079875,MOTO,AUTO
17,2016-0025,1,2016-02-28,4,AV GRAL PAZ Y AV 27 DE FEBRERO,GRAL PAZ,8,-58.46244952,-34.70524971,AUTO,AUTO
18,2016-0026,1,2016-02-28,7,HOLMBERG Y VEDIA,CALLE,12,-58.49216191,-34.54738649,AUTO,OBJETO FIJO
19,2016-0027,1,2016-02-28,9,CURAPALIGUE Y AVELINO DIAZ,AVENIDA,7,-58.44497874,-34.63852623,AUTO,AUTO
20,2016-0028,1,2016-03-02,10,VIAMONTE Y AV 9 DE JULIO,AVENIDA,1,-58.38199706,-34.60028648,PEATON,CARGAS
21,2016-0029,1,2016-03-04,17,AV CABILDO Y DEHEZA,AVENIDA,12,-58.47378664,-34.54153077,PEATON,PASAJEROS
22,2016-0031,1,2016-03-08,12,AV GRAL PAZ Y AV CNEL ROCA,GRAL PAZ,8,-58.47064556,-34.69843756,MOTO,PASAJEROS
23,2016-0034,1,2016-03-12,12,AV AMANCIO ALCORTA Y BONAVENA,AVENIDA,4,-58.40623949,-34.65076549,PEATON,PASAJEROS
24,2016-0035,1,2016-03-13,6,AV CORRIENTES Y AV CALLAO,AVENIDA,3,-58.39228965,-34.60443527,MOTO,PASAJEROS
25,2016-0036,1,2016-03-14,0,HERRERA Y ARISTOBULO DEL VALLE,CALLE,4,-58.37813396,-34.63668504,MOTO,PASAJEROS
26,2016-0037,1,2016-03-19,11,AV. EVA PERON Y QUIRNO,AVENIDA,7,-58.46275892,-34.64358293,MOTO,MOTO
27,2016-0038,1,2016-03-21,8,AV GRAL PAZ COLECTORA Y ZUVIRIA,GRAL PAZ,8,-58.49683458,-34.67892743,PEATON,PASAJEROS
28,2016-0039,1,2016-03-23,1,BARTOLOME MITRE Y AV PUEYRREDON,AVENIDA,3,-58.40603217,-34.6088396,MOTO,PASAJEROS
29,2016-0041,2,2016-03-29,11,AV DIRECTORIO Y RIVERA INDARTE,AVENIDA,7,-58.4607655,-34.63350444,MOTO,CARGAS
30,2016-0043,1,2016-03-30,18,DELLEPIANE LUIS TTE GRAL COLECTORA Y MURGUIONDO,AVENIDA,8,-58.47832463,-34.67494416,PEATON,CARGAS
31,2016-0044,1,2016-03-31,19,AV JOSE MARIA MORENO Y BALBASTRO,AVENIDA,7,-58.43213235,-34.63693953,MOTO,MULTIPLE
32,2016-0045,1,2016-04-11,10,AV GRAL PAZ Y AV DEL LIBERTADOR,GRAL PAZ,13,-58.46743471,-34.53476874,MOTO,SD
33,2016-0047,1,2016-04-15,5,LIMA 1483,CALLE,1,-58.38247061,-34.62571878,PEATON,PASAJEROS
34,2016-0048,1,2016-04-15,17,AV. CORRIENTES Y AV. DORREGO,AVENIDA,15,-58.44759966,-34.5917024,PEATON,PASAJEROS
35,2016-0049,1,2016-04-17,0,"AUTOPISTA 1 SUR PRESIDENTE ARTURO FRONDIZI KM. 0,700",AUTOPISTA,4,-58.37714647568196,-34.63657525428238,SD,SD
36,2016-0050,1,2016-04-19,9,TIMOTEO GORDILLO Y AV FERNANDEZ DE LA CRUZ,AVENIDA,8,-58.47305463,-34.68550712,PEATON,PASAJEROS
37,2016-0051,1,2016-04-20,4,AV AMANCIO ALCORTA Y BONAVENA,AVENIDA,4,-58.40623949,-34.65076549,MOTO,CARGAS
39,2016-0053,1,2016-04-22,9,AV TRIUNVIRATO Y AV OLAZABAL,AVENIDA,12,-58.4842918,-34.57558053,PEATON,PASAJEROS
40,2016-0054,1,2016-04-23,21,AU LUIS DELLEPIANE Y AV GRAL PAZ,AUTOPISTA,8,-58.48695354,-34.68795245,MOTO,MOTO
41,2016-0055,1,2016-04-25,20,RAMON CASTILLA Y AV FIGUEROA ALCORTA,AVENIDA,14,-58.40021959,-34.57964781,PEATON,CARGAS
42,2016-0056,1,2016-04-26,4,AV LUIS MARIA CAMPOS 30,AVENIDA,14,-58.42957885,-34.57660058,MOTO,OBJETO FIJO
43,2016-0058,1,2016-05-04,14,LIMA 1471,CALLE,1,-58.38247542,-34.62556293,PEATON,MOTO
44,2016-0059,1,2016-05-08,16,PASAJE CIUDADELA Y LIMA OESTE,CALLE,1,-58.38222219,-34.62728101,PEATON,PASAJEROS
45,2016-0064,1,2016-05-14,18,AV JUAN B JUSTO Y AV CARRASCO,AVENIDA,10,-58.49485242,-34.62953445,PEATON,PASAJEROS
46,2016-0065,1,2016-05-20,14,AV GAONA Y ESPINOSA,AVENIDA,6,-58.45227946,-34.61068024,PEATON,AUTO
47,2016-0067,1,2016-05-21,17,AV LISANDRO DE LA TORRE Y SARAZA,AVENIDA,8,-58.48455411,-34.6751276,MOTO,PASAJEROS
48,2016-0068,1,2016-05-22,22,AV FIGUEROA ALCORTA Y AV PUEYRREDON,AVENIDA,2,-58.39056593,-34.58418569,MOTO,PASAJEROS
49,2016-0069,1,2016-05-23,3,AV ENTRE RIOS Y PASAJE FILIBERTO,AVENIDA,3,-58.39118948,-34.62704273,AUTO,CARGAS
50,2016-0073,1,2016-06-11,15,MAGARIÑOS CERVANTES 3900,CALLE,10,-58.49021952,-34.62025108,MOTO,CARGAS
51,2016-0074,1,2016-06-12,6,AV GRAL PAZ Y RODOLFO SCAPINO,GRAL PAZ,8,-58.49896559,-34.67732118,AUTO,AUTO
52,2016-0075,1,2016-06-12,23,AUTOPISTA DELLEPIANE LUIS TTE GRAL Y MIRALLA,AUTOPISTA,8,-58.47461076,-34.66874679,PEATON,AUTO
53,2016-0076,1,2016-06-13,16,AV SAN MARTIN Y CAMARONES,AVENIDA,15,-58.46210891,-34.60356211,PEATON,PASAJEROS
54,2016-0077,1,2016-06-13,21,TTEG JUAN D PERON Y AVDA LEANDRO N ALEM,AVENIDA,1,-58.3702777,-34.60536123,PEATON,PASAJEROS
55,2016-0078,1,2016-06-13,23,AV BELGRANO Y AV JUJUY,AVENIDA,3,-58.40491455,-34.6146383,MOTO,MOTO
56,2016-0079,1,2016-06-16,17,AV DEL LIBERTADOR Y AV GUILLERMO UDAONDO,AVENIDA,13,-58.45504154,-34.54864492,AUTO,AUTO
57,2016-0080,1,2016-06-18,6,AV GRAL PAZ Y AV RIVADAVIA,GRAL PAZ,9,-58.52927982,-34.63931752,AUTO,SD
58,2016-0081,1,2016-06-22,7,AV CRISOLOGO LARRALDE Y MACHAIN,AVENIDA,12,-58.4872106,-34.55904606,MOTO,AUTO
59,2016-0082,1,2016-06-27,18,AV LA PLATA 2384,AVENIDA,4,-58.42273092,-34.64228803,PEATON,AUTO
60,2016-0083,1,2016-06-28,20,AV JUAN B ALBERDI Y PUAN,AVENIDA,6,-58.44788671,-34.62539009,PEATON,MOTO
61,2016-0084,1,2016-06-29,22,CARLOS PELLEGRINI Y TUCUMAN,CALLE,1,-58.38110563,-34.60135531,PEATON,PASAJEROS
62,2016-0085,1,2016-06-29,22,AVDA ITE FRANCISCO RABANAL & AVDA EREZCANO,AVENIDA,4,-58.42378834,-34.657341,MOTO,OTRO
63,2016-0086,1,2016-06-30,16,AV OLIVERA Y RAMON FALCON,AVENIDA,10,-58.48727942,-34.63652467,PEATON,PASAJEROS
64,2016-0087,1,2016-07-02,0,AUTOPISTA 1 SUR PTE ARTURO FRONDIZI Y AV CASEROS,AUTOPISTA,1,-58.37864583,-34.62907067,MOTO,OBJETO FIJO
65,2016-0088,1,2016-07-11,15,CERETTI Y NUÑEZ,CALLE,12,-58.5015175,-34.56767549,PEATON,AUTO
66,2016-0089,1,2016-07-14,6,AV LUGONES Y LA PAMPA,AUTOPISTA,13,-58.43233425,-34.55185825,PEATON,AUTO
67,2016-0090,1,2016-07-14,22,JERONIMO SALGUERO Y AV RIVADAVIA,AVENIDA,5,-58.41971993,-34.6111224,PEATON,PASAJEROS
68,2016-0092,1,2016-07-15,11,AV GRAL PAZ Y AV LIBERTADOR ,GRAL PAZ,13,-58.46743471,-34.53476874,MOTO,CARGAS
69,2016-0093,1,2016-07-17,3,AV JUAN B ALBERDI Y EMILIO MITRE,AVENIDA,6,-58.44362126,-34.62301748,AUTO,AUTO
70,2016-0095,1,2016-07-23,6,MERCEDES Y AV GRAL MOSCONI,AVENIDA,11,-58.51713095,-34.59546519,MOTO,AUTO
71,2016-0096,1,2016-07-25,7,"AUTOPISTA DELLEPIANE LUIS TTE. GRAL. KM. 2,3",AUTOPISTA,8,-58.47433193007387,-34.66684950051973,MOTO,CARGAS
72,2016-0097,1,2016-07-26,18,SOLIS Y MEXICO,CALLE,1,-58.39038605,-34.6156281,PEATON,AUTO
73,2016-0098,1,2016-07-27,16,AV SAN JUAN Y ALBERTI,AVENIDA,3,-58.40042405,-34.62356174,MOTO,CARGAS
74,2016-0099,1,2016-07-29,16,AV GRAL MOSCONI Y AV GRAL PAZ,GRAL PAZ,11,-58.52340614,-34.59798754,CARGAS,CARGAS
75,2016-0100,1,2016-08-03,23,AV GRAL PAZ  Y DONADO,GRAL PAZ,12,-58.49491054,-34.54795581,MOTO,OBJETO FIJO
76,2016-0101,1,2016-08-07,19,AV GRAL PAZ Y JORGE CHAVEZ,GRAL PAZ,9,-58.52932872,-34.65014993,SD,SD
77,2016-0102,1,2016-08-10,23,AV EVA PERON Y JOSE LEON SUAREZ,AVENIDA,9,-58.50011639,-34.67316502,MOTO,CARGAS
78,2016-0104,1,2016-08-14,21,ZINNY Y AV SANTIAGO DE COMPOSTELA,AVENIDA,9,-58.46635001,-34.65624369,MOTO,PASAJEROS
79,2016-0105,1,2016-08-17,0,AV FEDERICO LACROZE Y FRAGA,AVENIDA,15,-58.45343236,-34.58435809,PEATON,PASAJEROS
80,2016-0106,1,2016-08-19,21,CARLOS PELLEGRINI Y AV DEL LIBERTADOR,AVENIDA,1,-58.38090932,-34.58927731,PEATON,PASAJEROS
81,2016-0107,1,2016-08-20,8,AUTOPISTA 9 DE JULIO SUR ALT AV MENDOZA,AUTOPISTA,4,-58.37157668,-34.65429986,MOTO,AUTO
82,2016-0109,1,2016-08-24,5,AUTOPISTA PERITO MORENO Y BARRAGAN,AUTOPISTA,9,-58.52280139,-34.63659934,AUTO,OBJETO FIJO
83,2016-0110,1,2016-08-24,20,AV ALBERDI Y CARHUE,AVENIDA,9,-58.51232237,-34.6590353,PEATON,SD
84,2016-0111,1,2016-08-25,9,AUTOPISTA LEOPOLDO LUGONES Y LA PAMPA,AUTOPISTA,15,-58.47461905,-34.57663634,MOTO,CARGAS
85,2016-0112,1,2016-08-27,4,AUTOPISTA 25 DE MAYO AUTOPISTA 1 SUR ARTURO FRONDIZI,AUTOPISTA,1,-58.38268809,-34.62282019,MOTO,OBJETO FIJO
86,2016-0113,1,2016-08-27,16,AV JUAN BAUTISTA ALBERDI Y GUARDIA NACIONAL,AVENIDA,9,-58.49603546,-34.64564271,PEATON,PASAJEROS
87,2016-0114,1,2016-08-31,11,SALGUERO 1410,CALLE,14,-58.41848605,-34.59394733,BICICLETA,CARGAS
88,2016-0115,1,2016-09-02,11,ARIAS Y TRONADOR,CALLE,12,-58.48935041,-34.54917673,SD,CARGAS
89,2016-0116,1,2016-09-02,20,AV 27 DE FEBRERO Y AV ESCALADA,AVENIDA,8,-58.44451316,-34.68475866,MOTO,AUTO
90,2016-0117,1,2016-09-03,15,AV DEL LIBERTADOR Y TAGLE,AVENIDA,14,-58.39936478,-34.58271474,AUTO,AUTO
91,2016-0118,1,2016-09-04,3,AUTOPISTA 1 SUR PTE ARTURO FRONDIZI KM 2.9,AUTOPISTA,1,-58.37936704,-34.62694503,AUTO,AUTO
92,2016-0119,1,2016-09-04,6,CRISOLOGO LARRALDE Y AVDA TRIUNVIRATO,AVENIDA,12,-58.49659234,-34.56353635,SD,SD
93,2016-0122,1,2016-09-13,7,AV EVA PERON 4233,AVENIDA,9,-58.47256391,-34.65194557,BICICLETA,PASAJEROS
94,2016-0123,1,2016-09-14,9,AV ASAMBLEA Y AV CNEL ESTEBAN BONORINO,AVENIDA,7,-58.45130953,-34.64053676,MOTO,AUTO
95,2016-0124,1,2016-09-16,15,AVDA RIVADAVIA Y RIVERA INDARTE,AVENIDA,7,-58.46271207,-34.62884871,PEATON,PASAJEROS
96,2016-0125,1,2016-09-17,12,AUTOPISTA PERITO MORENO Y AV JUAN B ALBERDI,AUTOPISTA,10,-58.49020869,-34.64243791,MOTO,MOTO
97,2016-0126,2,2016-09-18,22,IRIGOYEN Y TINOGASTA,CALLE,10,-58.52572109,-34.62125906,AUTO,CARGAS
98,2016-0127,1,2016-09-24,10,AV MARIANO ACOSTA Y AV CNEL ROCA,AVENIDA,8,-58.44094791,-34.66677111,PEATON,PASAJEROS
99,2016-0128,1,2016-10-02,11,CASTRO Y AV PAVON,AVENIDA,5,-58.41914024,-34.6305389,PEATON,PASAJEROS
100,2016-0130,1,2016-10-04,12,AUTOPISTA 9 DE JULIO SUR Y AV BRASIL,AUTOPISTA,1,-58.37910942,-34.62764717,MOTO,CARGAS
101,2016-0131,1,2016-10-09,19,MIRAVE 3500,CALLE,4,-58.39871183,-34.64539318,PEATON,AUTO
102,2016-0132,1,2016-10-10,2,AV SAN JUAN Y 24 DE NOVIEMBRE,AVENIDA,3,-58.41036975,-34.62477021,AUTO,PASAJEROS
103,2016-0133,1,2016-10-14,0,AV LAS HERAS Y SANCHEZ DE BUSTAMANTE,AVENIDA,14,-58.40204698,-34.5834269,MOTO,AUTO
104,2016-0134,1,2016-10-23,5,AV PIEDRA BUENA Y 2 DE ABRIL 1982,AVENIDA,8,-58.48935287,-34.67648597,MOTO,OBJETO FIJO
105,2016-0135,1,2016-10-24,5,AV FIGUEROA ALCORTA  Y PINEDO,AVENIDA,14,-58.42260225,-34.56403694,PEATON,SD
107,2016-0137,1,2016-10-25,0,AV SAN MARTIN Y LADINES,AVENIDA,11,-58.51537091,-34.59035925,MOTO,MOTO
108,2016-0138,1,2016-10-27,20,AV CABILDO Y BLANCO ENCALADA,AVENIDA,13,-58.4590967,-34.55922742,BICICLETA,CARGAS
109,2016-0139,1,2016-10-28,23,AV PRESIDENTE FIGUEROA ALCORTA Y AV DORREGO,AVENIDA,14,-58.42008769,-34.56539579,MOTO,MOTO
110,2016-0140,1,2016-10-31,2,AV JURAMENTO Y VUELTA DE OBLIGADO,AVENIDA,13,-58.45566399,-34.56147293,PASAJEROS,PASAJEROS
111,2016-0142,1,2016-11-05,23,AV DEL LIBERTADOR Y AV RAMOS MEJIA,AVENIDA,1,-58.37533517,-34.59276462,MOTO,PASAJEROS
112,2016-0143,1,2016-11-06,4,AV 27 DE FEBRERO Y AV ESCALADA,AVENIDA,8,-58.44451316,-34.68475866,MOTO,SD
113,2016-0144,1,2016-11-07,12,AV. ALTE. BROWN 984,AVENIDA,4,-58.35975012,-34.63343907,PEATON,PASAJEROS
114,2016-0145,1,2016-11-07,20,AV DEL LIBERTADOR Y LA PAMPA,AVENIDA,13,-58.44523595,-34.55953855,MOTO,AUTO
115,2016-0146,1,2016-11-09,20,PICHINCHA Y AV BRASIL,AVENIDA,4,-58.39626094,-34.63036565,PEATON,PASAJEROS
116,2016-0147,1,2016-11-16,21,AV INDEPENDENCIA Y VIRREY CEVALLOS,AVENIDA,1,-58.38896772,-34.61799615,MOVIL,PASAJEROS
117,2016-0148,1,2016-11-16,22,AV GARMENDIA 4895,AVENIDA,15,-58.46536113,-34.59484504,MOTO,MOTO
118,2016-0150,1,2016-11-18,18,AV AMANCIO ALCORTA Y DIOGENES TABORDA,AVENIDA,4,-58.40879146,-34.65273216,CARGAS,CARGAS
120,2016-0152,1,2016-11-23,21,AV PERITO MORENO Y ZUVIRIA,AVENIDA,7,-58.46451841,-34.64991946,MOTO,AUTO
121,2016-0153,1,2016-11-25,15,ARAOZ Y AV CORDOBA,AVENIDA,15,-58.4291709,-34.59485488,PEATON,MOTO
122,2016-0154,1,2016-11-26,14,AV GRAL PAZ 15200,GRAL PAZ,8,-58.49007772,-34.68251141,MOTO,MOTO
123,2016-0155,1,2016-11-26,16,MADERO 900,CALLE,10,-58.52756365,-34.62772274,PEATON,AUTO
124,2016-0156,1,2016-11-26,19,AV INDEPENDENCIA Y DEAN FUNES,AVENIDA,3,-58.40638983,-34.61943202,MOTO,PASAJEROS
125,2016-0157,1,2016-12-03,6,AV JUAN B JUSTO 5645,AVENIDA,11,-58.47576807,-34.61740997,MOTO,MOTO
126,2016-0159,1,2016-12-04,7,AV 27 DE FEBRERO Y AV ESCALADA,AVENIDA,8,-58.44451316,-34.68475866,AUTO,SD
127,2016-0160,1,2016-12-06,5,AUTOPISTA PERITO MORENO ALTURA VELZ,AUTOPISTA,9,-58.51927194,-34.63635787,CARGAS,OBJETO FIJO
128,2016-0161,1,2016-12-06,7,AV SANTA FE Y GODOY CRUZ,AVENIDA,14,-58.42525456,-34.57866344,PEATON,PASAJEROS
129,2016-0162,1,2016-12-07,5,AV FEDERICO LACROZE Y AV FOREST,AVENIDA,15,-58.45396573,-34.58518167,PEATON,AUTO
130,2016-0163,1,2016-12-10,7,AV GRAL PAZ Y AV GENERAL MOSCONI,GRAL PAZ,11,-58.52340614,-34.59798754,MOTO,AUTO
131,2016-0164,1,2016-12-11,6,AV LA PLATA Y CNEL GREGORIO POMAR,AVENIDA,4,-58.42323628,-34.64119105,AUTO,AUTO
132,2016-0165,1,2016-12-12,8,AV MARTIN GARCIA 300,AVENIDA,4,-58.36926144,-34.62841919,BICICLETA,PASAJEROS
133,2016-0168,1,2016-12-13,10,AV LA PLATA Y CNEL GREGORIO POMAR,AVENIDA,4,-58.42323628,-34.64119105,MOTO,AUTO
134,2016-0169,1,2016-12-15,15,NUÑEZ Y AV RICARDO BALBIN,AVENIDA,12,-58.47935434,-34.55676497,MOTO,PASAJEROS
135,2016-0170,1,2016-12-19,17,AV GRAL PAZ 4500,GRAL PAZ,12,-58.50598256,-34.5637998,MOTO,AUTO
136,2016-0171,1,2016-12-25,19,AU BUENOS AIRES - LA PLATA Y AU 25 DE MAYO,AUTOPISTA,1,-58.36607137,-34.62150748,MOTO,MOTO
137,2016-0172,1,2016-12-26,8,AV GARAY Y CASTRO,AVENIDA,5,-58.41918902,-34.63174259,MOTO,CARGAS
138,2016-0173,1,2016-12-26,19,AV DIRECTORIO Y AV SAN PEDRITO,AVENIDA,7,-58.46749188,-34.63551751,MOTO,CARGAS
140,2016-0175,1,2016-12-27,8,CNEL RAMON L FALCON Y MEMBRILLAR,CALLE,7,-58.46064174,-34.62960517,PEATON,BICICLETA
141,2016-0176,1,2016-12-28,1,AV BELGRANO Y AV PASEO COLON,AVENIDA,1,-58.36956186,-34.61232875,MOTO,PASAJEROS
142,2016-0177,1,2016-12-29,4,ARENALES 3319,CALLE,14,-58.40966671,-34.58788235,PEATON,AUTO
143,2016-0178,1,2016-12-30,16,REPUBLICA BOLIVARIANA DE VENEZUELA Y SAAVEDRA,CALLE,3,-58.40288226,-34.61544091,PEATON,MULTIPLE
144,2017-0001,1,2017-01-02,1,AV. JUAN B JUSTO Y ACHUPALLAS,AVENIDA,11,-58.4659423,-34.61028571,MOTO,CARGAS
145,2017-0003,1,2017-01-05,3,OLAVARRIA Y AV. VELEZ SARSFIELD,AVENIDA,4,-58.38957669,-34.64410277,CARGAS,CARGAS
146,2017-0007,1,2017-01-11,17,LIMA Y MEXICO,CALLE,1,-58.3816166,-34.61529543,PEATON,MULTIPLE
147,2017-0008,1,2017-01-16,0,JOSE A CABRERA Y BONPLAND,CALLE,14,-58.43917004,-34.58494351,MOTO,PASAJEROS
148,2017-0009,1,2017-01-16,13,AU 25 DE MAYO Y AV. BOEDO,AUTOPISTA,5,-58.41595919,-34.62743346,MOTO,CARGAS
149,2017-0010,1,2017-01-16,16,AV. DIRECTORIO Y RIGLOS,AVENIDA,6,-58.4356488,-34.62828656,MOTO,AUTO
150,2017-0011,1,2017-01-22,2,AV. GRAL. PAZ Y AV. R. BALBIN,GRAL PAZ,12,-58.5007381,-34.5497951,MOTO,OBJETO FIJO
151,2017-0012,1,2017-01-24,14,TRAFUL Y DIOGENES TABORDA,CALLE,4,-58.40969005,-34.6505529,MOTO,CARGAS
152,2017-0013,1,2017-01-27,7,IRIARTE 3055,AVENIDA,4,-58.38972622,-34.65098981,PEATON,CARGAS
153,2017-0014,1,2017-01-28,8,AV. DONADO Y ARIAS,AVENIDA,12,-58.49185972,-34.55046754,MOTO,MULTIPLE
154,2017-0015,1,2017-02-02,15,CORDOBA AV. Y CALLAO,AVENIDA,2,-58.39293417,-34.59963642,PEATON,AUTO
155,2017-0016,1,2017-02-03,5,"AU 25 DE MAYO, KILOMETRO 8.3, SENTIDO HACIA PROVINCIA DE BUENOS AIRES, C.A.B.A.",AUTOPISTA,1,-58.38099494,-34.62288231,MOTO,CARGAS
156,2017-0017,1,2017-02-06,8,AV. JUAN B JUSTO Y PARAGUAY,AVENIDA,14,-58.429012,-34.58095431,MOTO,AUTO
157,2017-0018,1,2017-02-09,7,AV. GRAL. PAZ Y AV. DE LOS CORRALES,GRAL PAZ,9,-58.50877521,-34.66977709,MOTO,AUTO
158,2017-0021,1,2017-02-18,5,SARMIENTO Y LIBERTAD,CALLE,1,-58.38362373,-34.60509972,MOTO,PASAJEROS
159,2017-0024,1,2017-02-23,20,AV. RIVADAVIA 7121,AVENIDA,7,-58.46589308,-34.62955795,PEATON,PASAJEROS
160,2017-0025,1,2017-02-24,17,AV. FERNANDEZ DE LA CRUZ Y RIVERA INDARTE,AVENIDA,7,-58.43614426,-34.6542464,MOTO,SD
161,2017-0026,2,2017-02-26,5,AV. PERITO MORENO Y FOURNIER,AVENIDA,4,-58.41842777,-34.64979057,AUTO,OBJETO FIJO
162,2017-0027,1,2017-02-26,21,AV. CASEROS 1429,AVENIDA,1,-58.38332245,-34.6319325,PEATON,AUTO
163,2017-0028,1,2017-02-28,9,AV. GAONA Y FRAGATA SARMIENTO,AVENIDA,6,-58.45475488,-34.61196327,PEATON,AUTO
164,2017-0029,1,2017-03-07,2,MOZART Y TANDIL,CALLE,9,-58.48501341,-34.64742455,SD,AUTO
165,2017-0030,1,2017-03-07,8,MOZART Y COLECTORA AV. TTE. LUIS J DELLEPIANE,AVENIDA,9,-58.47010988,-34.65872088,AUTO,PASAJEROS
166,2017-0031,1,2017-03-11,1,24 DE NOVIEMBRE Y PAVON ,CALLE,3,-58.4099756,-34.62873635,AUTO,OBJETO FIJO
167,2017-0032,1,2017-03-12,5,AV. GRAL. PAZ Y PEDRO DE MENDOZA,GRAL PAZ,8,-58.48892175,-34.68359163,AUTO,AUTO
168,2017-0033,1,2017-03-12,7,AV. GRAL. PAZ KM. 10,GRAL PAZ,11,-58.52466448,-34.60325478,AUTO,AUTO
169,2017-0034,1,2017-03-13,7,GODOY CRUZ 2651,CALLE,14,-58.42554218,-34.57929036,PEATON,AUTO
170,2017-0035,3,2017-03-23,5,AV. DR. TRISTAN ACHAVAL RODRIGUEZ Y BLVD. AZUCENA VILLAFLOR,AVENIDA,1,-58.35881506,-34.61113641,AUTO,OBJETO FIJO
171,2017-0036,2,2017-03-29,18,CURUPAYTI Y COLECTORA AV. GRAL. PAZ,GRAL PAZ,12,-58.51452347,-34.58159762,MOTO,PASAJEROS
172,2017-0037,1,2017-03-31,3,AV. INDEPENDENCIA Y VIRREY CEVALLOS,AVENIDA,1,-58.38896772,-34.61799615,MOTO,CARGAS
173,2017-0038,1,2017-04-01,19,AV. CASTAÑARES Y LAUTARO,AVENIDA,7,-58.44516857,-34.64363363,MOTO,AUTO
174,2017-0040,1,2017-04-03,9,CAMINO CIUDAD UNUVERSITARIA Y AV. TTE. GUIRALDES,AVENIDA,13,-58.43834197,-34.54560369,AUTO,MULTIPLE
175,2017-0041,1,2017-04-03,23,BALDOMERO FERNANDEZ MORENO 2186,CALLE,7,-58.45485084,-34.63531854,MOTO,AUTO
177,2017-0045,1,2017-04-14,6,NOGOYA 5940,CALLE,10,-58.52449285,-34.62454175,MOTO,OBJETO FIJO
178,2017-0047,1,2017-04-23,6,AV. ARGENTINA Y AV. CORVALAN,AVENIDA,8,-58.46713742,-34.6719879,MOTO,AUTO
179,2017-0049,1,2017-04-27,18,AV. FERNANDEZ DE LA CRUZ Y VARELA,AVENIDA,8,-58.43850413,-34.65554754,PEATON,PASAJEROS
182,2017-0052,1,2017-05-05,3,AV. GRAL. PAZ Y GOLETA JULIA,GRAL PAZ,8,-58.49413799,-34.68095739,PEATON,CARGAS
183,2017-0053,1,2017-05-05,20,VIEYTES Y VILLARINO,CALLE,4,-58.37547846,-34.65326075,MOTO,CARGAS
184,2017-0054,1,2017-05-07,21,AV. DE LOS CONSTITUYENTES Y PEDRO MORAN,AVENIDA,15,-58.48680218,-34.58689719,MOTO,AUTO
185,2017-0055,1,2017-05-09,8,AV. DE LOS CONSTITUYENTES 4900,AVENIDA,12,-58.49563989,-34.57962262,AUTO,AUTO
186,2017-0058,1,2017-05-09,23,AV. CORDOBA Y LIBERTAD,AVENIDA,1,-58.38403232,-34.5991594,PEATON,MOTO
187,2017-0059,1,2017-05-11,9,BRASIL Y LIMA,CALLE,1,-58.38223382,-34.62693865,PEATON,PASAJEROS
188,2017-0060,1,2017-05-13,7,AV. ESCALADA Y AV. FERNANDEZ DE LA CRUZ,AVENIDA,8,-58.45966521,-34.67323292,MOTO,OBJETO FIJO
189,2017-0061,1,2017-05-15,13,PARAGUAY Y AV. CALLAO ,AVENIDA,2,-58.39303911,-34.59871111,PEATON,MOTO
190,2017-0062,1,2017-05-15,16,AV. JUAN B JUSTO Y SAN BLAS,AVENIDA,10,-58.51262106,-34.63395999,MOTO,CARGAS
191,2017-0063,1,2017-05-17,10,CHILE Y AV. 9 DE JULIO,AVENIDA,1,-58.38118367,-34.61646839,PEATON,PASAJEROS
192,2017-0064,1,2017-05-20,5,MAIPU Y PERON,CALLE,1,-58.37653284,-34.60582475,CARGAS,AUTO
193,2017-0065,1,2017-05-22,16,AV. SUAREZ Y HERRERA,AVENIDA,4,-58.37709334,-34.64035082,BICICLETA,CARGAS
194,2017-0066,1,2017-05-22,18,AV. SAN MARTIN Y FRAGATA SARMIENTO,AVENIDA,15,-58.46002142,-34.60409469,PEATON,PASAJEROS
195,2017-0067,1,2017-05-23,2,AV. DIRECTORIO Y AV. JOSE MARIA MORENO,AVENIDA,6,-58.4338197,-34.62801894,MOTO,CARGAS
196,2017-0068,1,2017-05-27,19,AV. TTE. FRANCISCO RABANAL 2950,AVENIDA,8,-58.43580656,-34.66437532,MOTO,OBJETO FIJO
197,2017-0069,1,2017-05-24,14,AV. GRAL. PAZ Y ULRICO SCHMIDL,GRAL PAZ,9,-58.52173071,-34.65997463,MOTO,SD
198,2017-0070,1,2017-05-30,13,NUEVA YORK  3696,CALLE,11,-58.50791763,-34.59804273,PEATON,AUTO
199,2017-0072,1,2017-06-03,23,AV. DE LOS CONSTITUYENTES Y VALLEJOS,AVENIDA,12,-58.49175088,-34.58226957,AUTO,AUTO
200,2017-0073,1,2017-06-04,9,AV. CORRIENTES Y ECUADOR,AVENIDA,3,-58.40781467,-34.60425669,MOTO,AUTO
201,2017-0074,1,2017-06-04,12,CASCO 133,CALLE,9,-58.52567073,-34.63787791,SD,SD
202,2017-0075,1,2017-06-12,22,AV. DE MAYO Y AV. 9 DE JULIO,AVENIDA,1,-58.381542,-34.60906385,PEATON,MOTO
203,2017-0076,1,2017-06-13,14,AV. RAMON CASTILLO Y CALLE 12,AVENIDA,2,-58.38526125,-34.5780581,PEATON,CARGAS
204,2017-0077,1,2017-06-17,23,FRAY JUSTO SANTAMARIA DE ORO 1930,CALLE,14,-58.42934104,-34.58451712,MOTO,CARGAS
205,2017-0079,1,2017-06-19,16,MEXICO Y DEAN FUNES,CALLE,3,-58.40657493,-34.61781124,MOTO,CARGAS
206,2017-0080,1,2017-06-22,10,AV. JUAN B ALBERDI Y AV. ESCALADA,AVENIDA,9,-58.49525314,-34.64487785,PEATON,CARGAS
207,2017-0082,1,2017-06-25,22,AV. ENTRE RIOS Y AV. BRASIL,AVENIDA,4,-58.39092851,-34.62932696,PEATON,AUTO
208,2017-0083,1,2017-07-04,0,AV. JUAN B ALBERDI Y GUARDIA NACIONAL,AVENIDA,9,-58.49603546,-34.64564271,MOTO,CARGAS
209,2017-0084,1,2017-07-05,12,AV. DEL LIBERTADOR Y RODRIGUEZ PEÑA,AVENIDA,2,-58.38502878,-34.58703485,PEATON,PASAJEROS
210,2017-0085,1,2017-07-07,14,TACUARI Y AV. MARTIN GARCIA,AVENIDA,4,-58.37261143,-34.63150425,PEATON,PASAJEROS
211,2017-0086,1,2017-07-09,7,AV. RIVADAVIA Y MURGUIONDO,AVENIDA,9,-58.51876802,-34.63905965,PEATON,MOTO
212,2017-0087,1,2017-07-10,10,24 DE NOVIEMBRE 390,CALLE,3,-58.41095567,-34.61516101,PEATON,AUTO
213,2017-0088,1,2017-07-10,22,AV. PASEO COLON Y BRASIL,AVENIDA,1,-58.36797542,-34.62519403,PEATON,PASAJEROS
214,2017-0089,1,2017-07-13,12,MARTINIANO LEGUIZAMON 901,CALLE,9,-58.51514709,-34.64787051,SD,AUTO
215,2017-0090,1,2017-07-15,5,AV. CHIVILCOY Y COLECTORA AV. GRAL. PAZ ,GRAL PAZ,11,-58.51925642,-34.59171721,PEATON,AUTO
216,2017-0091,1,2017-07-15,13,SUPERI Y AV. GRAL. PAZ,GRAL PAZ,12,-58.48671535,-34.54321216,MOTO,SD
217,2017-0092,1,2017-07-24,22,AU 25 DE MAYO Y AU FRONDIZI (9 DE JULIO SUR),AUTOPISTA,1,-58.38268809,-34.62282019,PEATON,AUTO
218,2017-0093,1,2017-07-25,16,"AV. LEOPOLDO LUGONES KM 7,5, ALTURA PUENTE SCALABRINI ORTIZ, SENTIDO A CENTRO PORTEÑO",AUTOPISTA,13,-58.43633522,-34.54966288,PEATON,AUTO
219,2017-0094,1,2017-07-27,8,VICTOR HUGO 2639,CALLE,10,-58.52640838,-34.61765855,BICICLETA,CARGAS
220,2017-0095,1,2017-08-06,8,AV. CORDOBA Y JERONIMO SALGUERO,AVENIDA,14,-58.41894306,-34.59778875,MOTO,AUTO
221,2017-0096,1,2017-08-07,19,AV. CABILDO Y NUÑEZ,AVENIDA,13,-58.46756026,-34.54972741,PEATON,PASAJEROS
222,2017-0098,1,2017-08-08,12,JOSE BONIFACIO 2114,CALLE,7,-58.45715752,-34.63132912,PEATON,AUTO
223,2017-0099,1,2017-08-17,19,AV. PTE FIGUEROA ALCORTA 5400,AVENIDA,14,-58.42406784,-34.56213916,BICICLETA,AUTO
224,2017-0100,1,2017-08-21,7,VENEZUELA 2135,CALLE,3,-58.3967447,-34.61512051,MOTO,OBJETO FIJO
225,2017-0101,1,2017-08-23,10,AV. FCO. LACROZE Y ZAPATA,AVENIDA,13,-58.44537508,-34.57084818,PEATON,MULTIPLE
226,2017-0102,1,2017-08-24,1,IRIARTE Y ZAVALETA,AVENIDA,4,-58.40056767,-34.6510708,PEATON,CARGAS
227,2017-0104,1,2017-08-25,9,AV. 9 DE JULIO Y ESTADOS UNIDOS,AVENIDA,1,-58.38109568,-34.61853244,PEATON,CARGAS
228,2017-0106,1,2017-08-31,19,FRAY JUSTO SANTAMARIA DE ORO Y GUEMES,CALLE,14,-58.42533612,-34.58035258,PEATON,PASAJEROS
229,2017-0107,1,2017-09-01,11,AV. DEL LIBERTADOR Y JARAMILLO,AVENIDA,13,-58.46062311,-34.54395182,MOTO,CARGAS
230,2017-0108,2,2017-09-02,4,AV. GRAL. PAZ Y MACHAIN,GRAL PAZ,12,-58.49491054,-34.54795581,OBJETO FIJO,AUTO
231,2017-0109,1,2017-09-04,21,AV. DIRECTORIO Y PORTELA,AVENIDA,7,-58.47130269,-34.63665402,MOTO,AUTO
232,2017-0110,1,2017-09-06,14,LAVALLE Y AV. LEANDRO N ALEM,AVENIDA,1,-58.370488,-34.60189492,PEATON,PASAJEROS
233,2017-0111,1,2017-09-07,18,USPALLATA Y PIROVANO,CALLE,4,-58.42023854,-34.6423411,PEATON,CARGAS
234,2017-0112,2,2017-09-10,9,AU 25 DE MAYO Y AV. VARELA,AUTOPISTA,7,-58.45807401,-34.6399743,AUTO,OBJETO FIJO
235,2017-0113,1,2017-09-11,6,AV. SANTA FE Y MAIPU,AVENIDA,1,-58.37697717,-34.59573848,PEATON,PASAJEROS
236,2017-0114,1,2017-09-15,2,AV. ALVEAR Y AV. DEL LIBERTADOR,AVENIDA,2,-58.3910058,-34.5849866,AUTO,OBJETO FIJO
237,2017-0115,1,2017-09-19,18,AV. PAVON Y TREINTA Y TRES ORIENTALES,AVENIDA,5,-58.42182126,-34.63089661,MOTO,BICICLETA
238,2017-0116,1,2017-09-20,22,COLECTORA AV. GRAL. PAZ 5750,GRAL PAZ,12,-58.51389422,-34.58075791,MOTO,OBJETO FIJO
239,2017-0118,1,2017-09-22,7,VIEYTES Y CRUZ,AVENIDA,4,-58.37585415,-34.65232158,MOTO,AUTO
240,2017-0120,1,2017-10-02,15,AU DELLEPIANE Y AV. ESCALADA,AUTOPISTA,9,-58.47297505,-34.66245085,MOTO,CARGAS
241,2017-0123,1,2017-10-10,1,ALBARIÑO Y AV. ARGENTINA,AVENIDA,8,-58.46855503,-34.67216349,PEATON,AUTO
242,2017-0124,1,2017-10-12,14,JUAN RAMIREZ DE VELAZCO 1211,CALLE,15,-58.44254033,-34.59185043,MOTO,PASAJEROS
243,2017-0125,1,2017-10-13,6,AV. FERNANDEZ DE LA CRUZ Y LARRAYA,AVENIDA,8,-58.46622247,-34.67926929,MOTO,OBJETO FIJO
244,2017-0126,2,2017-10-14,6,AV. RIESTRA Y CAÑADA DE GOMEZ,AVENIDA,8,-58.48003734,-34.68148508,AUTO,OBJETO FIJO
245,2017-0127,1,2017-10-16,7,GALLO Y AV. CORDOBA,AVENIDA,2,-58.41192137,-34.59800248,MOTO,MOTO
246,2017-0128,1,2017-10-17,12,DR. JUAN F. ARANGUREN 611,CALLE,6,-58.44034689,-34.61349731,PEATON,PASAJEROS
247,2017-0129,1,2017-10-26,19,AU PERITO MORENO Y AU 25 DE MAYO,AUTOPISTA,9,-58.47155277,-34.64925746,MOTO,PASAJEROS
248,2017-0130,1,2017-10-27,5,CHORROARIN Y AV. SAN MARTIN,AVENIDA,15,-58.47883099,-34.59967065,AUTO,CARGAS
249,2017-0132,1,2017-10-30,14,COSQUIN Y AV. CNEL. ROCA,AVENIDA,8,-58.46552171,-34.6937413,MOTO,PASAJEROS
250,2017-0134,1,2017-11-06,18,AV. CNEL. ROCA 3555,AVENIDA,8,-58.4423972,-34.66777987,PEATON,PASAJEROS
251,2017-0135,1,2017-11-07,12,AV. WARNES Y PUNTA ARENAS,AVENIDA,15,-58.47032551,-34.59626814,MOTO,CARGAS
252,2017-0136,1,2017-11-16,8,DEL BARCO CENTENERA Y RABANAL,AVENIDA,4,-58.41827843,-34.65522746,PEATON,PASAJEROS
253,2017-0137,1,2017-11-17,11,AV. GRAL. ENRIQUE MOSCONI Y SAN NICOLAS,AVENIDA,11,-58.51280715,-34.59279388,PEATON,CARGAS
254,2017-0138,1,2017-11-19,10,AV. LAFUENTE Y AV. EVA PERON,AVENIDA,7,-58.46258582,-34.64385704,MOTO,OBJETO FIJO
255,2017-0139,1,2017-11-19,22,AV. CNEL. ROCA Y AV. ESCALADA,AVENIDA,8,-58.45064148,-34.68003614,AUTO,OBJETO FIJO
257,2017-0141,1,2017-11-23,19,AV. LA PLATA Y AV. PEDRO GOYENA,AVENIDA,6,-58.42717783,-34.62513374,PEATON,PASAJEROS
258,2017-0143,1,2017-11-25,21,TRELLES Y GRAL. CESAR DIAZ,CALLE,11,-58.46442001,-34.60724519,AUTO,PASAJEROS
259,2017-0144,1,2017-11-26,6,AV. CNEL. ROCA Y COLECTORA AV. GRAL. PAZ,GRAL PAZ,8,-58.47064556,-34.69843756,AUTO,OBJETO FIJO
260,2017-0145,1,2017-11-26,17,MAZA Y DON BOSCO,CALLE,5,-58.41677733,-34.61223119,MOTO,AUTO
261,2017-0147,1,2017-11-28,11,AV. GRAL. PAZ Y AV. EVA PERON,GRAL PAZ,9,-58.5025179,-34.67450313,MOTO,AUTO
262,2017-0148,1,2017-11-29,10,AV. SAN JUAN Y LA RIOJA,AVENIDA,3,-58.40708125,-34.62438894,PEATON,PASAJEROS
263,2017-0149,1,2017-11-30,12,AV. PASEO COLON Y MEXICO,AVENIDA,1,-58.36947198,-34.61477051,PEATON,PASAJEROS
264,2017-0150,1,2017-12-04,1,AV. RIVADAVIA Y MIRALLA,AVENIDA,9,-58.51140889,-34.63934531,PEATON,AUTO
265,2017-0151,1,2017-12-04,2,VIEYTES Y LUJAN,CALLE,4,-58.37460912,-34.65559133,PEATON,PASAJEROS
266,2017-0152,1,2017-12-06,17,CACHI Y TRAFUL,CALLE,4,-58.41146277,-34.65073916,BICICLETA,PASAJEROS
267,2017-0153,2,2017-12-11,2,ROSARIO Y AV. LA PLATA,AVENIDA,6,-58.42855267,-34.61829385,MOTO,PASAJEROS
268,2017-0154,1,2017-12-11,9,AV. ENTRE RIOS Y AV. CASEROS ,AVENIDA,4,-58.39035581,-34.63412287,PEATON,PASAJEROS
269,2017-0155,1,2017-12-12,21,AV. RIVADAVIA 6350,AVENIDA,7,-58.45593915,-34.62656868,SD,MOTO
270,2017-0157,1,2017-12-17,9,AV. GRAL. PAZ Y HUMAITA,GRAL PAZ,9,-58.52866211,-34.64597065,AUTO,PASAJEROS
271,2017-0158,1,2017-12-18,21,GUALEGUAYCHU Y COLECTORA AV. GRAL PAZ,GRAL PAZ,11,-58.52037476,-34.59407024,MOTO,AUTO
272,2017-0159,1,2017-12-20,4,AV. INDEPENDENCIA Y VIRREY CEVALLOS,AVENIDA,1,-58.38896772,-34.61799615,MOTO,AUTO
273,2017-0160,1,2017-12-22,13,AV. NAZCA 365,AVENIDA,7,-58.47074114,-34.62771756,PEATON,MOTO
274,2017-0161,1,2017-12-26,15,AV. EVA PERON 5249,AVENIDA,9,-58.48200819,-34.65969965,PEATON,AUTO
275,2018-0001,1,2018-01-01,22,San Juan Av. Y Rincón,AVENIDA,3,-58.39536773,-34.62297346,PEATON,MOTO
276,2018-0002,1,2018-01-03,16,Peru 937,CALLE,1,-58.37456088,-34.61895467,BICICLETA,PASAJEROS
277,2018-0003,1,2018-01-05,10,"Pueyrredon, Honorio, Dr. Av. y Galicia",AVENIDA,15,-58.44860217,-34.60395657,PEATON,MULTIPLE
278,2018-0004,1,2018-01-09,9,Del Libertador Av. y Manzanares,AVENIDA,13,-58.46129513,-34.54332766,MOTO,MULTIPLE
279,2018-0005,1,2018-01-09,22,Paseo Colon Av. 1019,AVENIDA,1,-58.36907201,-34.61953517,PEATON,PASAJEROS
280,2018-0006,1,2018-01-10,21,Valle y Barco Centenera Del,CALLE,6,-58.44062219,-34.62499107,BICICLETA,PASAJEROS
281,2018-0007,1,2018-01-11,2,AU Perito Moreno  KM 0.6,AUTOPISTA,9,-58.52502765,-34.63601265,AUTO,AUTO
282,2018-0008,1,2018-01-12,17,"Huergo, Ing. Av. e Independencia Av.",AVENIDA,1,-58.36659655,-34.61687778,MOTO,CARGAS
283,2018-0009,1,2018-01-14,2,"Pilcomayo y Brown, Alte. Av.",AVENIDA,4,-58.36737389,-34.62763661,MOTO,MOTO
284,2018-0010,1,2018-01-18,5,"Cervantes y Belaustegui, Luis, Dr.",CALLE,10,-58.49807953,-34.63038658,MOTO,CARGAS
285,2018-0011,1,2018-01-19,10,Callao y Vte. Lopez,AVENIDA,2,-58.39092703,-34.59088447,PEATON,PASAJEROS
286,2018-0012,1,2018-01-26,13,"Oliden y Chilavert, Martiniano, Coronel",CALLE,8,-58.46912006,-34.68049201,MOTO,PASAJEROS
287,2018-0013,1,2018-01-28,8,Congreso Av. y Galvan,AVENIDA,12,-58.48661286,-34.56786129,MOTO,AUTO
288,2018-0014,1,2018-01-31,20,"Moreno, Perito Av. y Rivera Indarte",AVENIDA,7,-58.44074927,-34.65080597,PEATON,MOTO
289,2018-0015,2,2018-02-06,1,Australia Av. 2800,AVENIDA,4,-58.38636298,-34.64684275,MOTO,PASAJEROS
290,2018-0016,1,2018-02-15,10,"Del Libertador Av. y Ramos Mejia, Jose Maria, Dr. Av.",AVENIDA,1,-58.37533517,-34.59276462,MOTO,CARGAS
291,2018-0017,1,2018-02-17,4,San Pedrito Av. y Rivadavia Av.,AVENIDA,7,-58.46963952,-34.63070603,PEATON,AUTO
292,2018-0018,1,2018-02-17,7,"Isabel La Catolica y Salvadores, Cnel.",CALLE,4,-58.37207554,-34.64543658,MOTO,CARGAS
293,2018-0019,1,2018-02-17,12,Las Heras General Av. y Callao Av.,AVENIDA,2,-58.39189441,-34.59176378,PEATON,PASAJEROS
294,2018-0020,1,2018-02-19,22,Fernandez de la Cruz Subida AU Héctor J. Cámpora,AUTOPISTA,8,-58.45012957,-34.66518343,MOTO,CARGAS
295,2018-0021,1,2018-02-22,10,AMANCIO ALCORTA Y ZAVALETA,AVENIDA,4,-58.40184094,-34.64546845,PEATON,PASAJEROS
296,2018-0022,1,2018-02-24,0,"Montes De Oca, Manuel y Olavarria",AVENIDA,4,-58.37441153,-34.63966783,MOTO,CARGAS
297,2018-0023,1,2018-02-24,6,Barco Centenera Del y Rosario,CALLE,6,-58.44110156,-34.62082399,MOTO,AUTO
298,2018-0024,1,2018-02-28,23,Alvarez Thomas Av. y Donado,AVENIDA,15,-58.47087351,-34.57827342,PEATON,CARGAS
299,2018-0025,1,2018-03-04,22,Av. Avellaneda y Av. Boyacá,AVENIDA,7,-58.4596221,-34.6224514,PEATON,AUTO
300,2018-0026,2,2018-03-09,4,"Rabanal, Francisco, Intendente Av. y Saenz Av.",AVENIDA,4,-58.41657793,-34.65476216,MOVIL,CARGAS
301,2018-0027,1,2018-03-11,23,Castro y Rondeau,CALLE,5,-58.41911301,-34.63722107,PEATON,MOTO
302,2018-0028,1,2018-03-13,15,"Bilbao, Francisco Av. y Azul",AVENIDA,9,-58.47120586,-34.64251042,PEATON,CARGAS
303,2018-0029,1,2018-03-15,18,Nazca Av. y Gaona Av.,AVENIDA,11,-58.47418944,-34.62049672,MOTO,AUTO
304,2018-0030,1,2018-03-20,1,Plaza y Alvarez Thomas Av.,AVENIDA,15,-58.46720441,-34.57905579,MOTO,MOTO
305,2018-0031,1,2018-03-28,10,"Gaona Av. y Artigas, Jose Gervasio, Gral.",AVENIDA,11,-58.46909362,-34.6177971,MOTO,CARGAS
306,2018-0032,1,2018-04-02,13,Cabildo Av. y Aguilar,AVENIDA,13,-58.44704343,-34.5688864,PEATON,PASAJEROS
307,2018-0033,1,2018-04-07,7,Camarones y Lope De Vega Av.,AVENIDA,10,-58.50535541,-34.62902048,MOTO,CARGAS
308,2018-0034,1,2018-04-11,18,Santa Fe Av. 2320,AVENIDA,2,-58.40021675,-34.59522198,PEATON,PASAJEROS
309,2018-0035,1,2018-04-12,16,Av. Rivadavia 6950,AVENIDA,7,-58.46325991,-34.62919627,PEATON,PASAJEROS
310,2018-0036,1,2018-04-13,23,Av. San Martín y Argerich,AVENIDA,15,-58.49471482,-34.59694755,MOTO,AUTO
311,2018-0037,1,2018-04-18,18,"Cordoba Av. y Uriburu Jose E., Pres.",AVENIDA,2,-58.3987261,-34.59975962,PEATON,CARGAS
312,2018-0038,2,2018-04-20,17,AV. RIVADAVIA 1571,AVENIDA,1,-58.38872177,-34.60885045,PEATON,AUTO
314,2018-0040,1,2018-04-27,11,Ramon Freire y Virrey Olaguer y Feliu,CALLE,13,-58.45686132,-34.57305993,PEATON,CARGAS
315,2018-0041,1,2018-04-27,13,"La Plata Av. y Fernandez De La Cruz, F., Gral. Av.",AVENIDA,4,-58.42281627,-34.64282424,PEATON,PASAJEROS
316,2018-0042,1,2018-04-27,18,BRANDSEN y PERDRIEL,CALLE,4,-58.38666024,-34.63953396,MOTO,CARGAS
317,2018-0043,1,2018-04-28,6,"Vilardebo, Teodoro y Alvarez Jonte Av.",AVENIDA,11,-58.49122843,-34.61207587,MOTO,AUTO
318,2018-0044,1,2018-04-28,9,Alberti e Independencia Av.,AVENIDA,3,-58.40098306,-34.61866627,PEATON,AUTO
319,2018-0045,1,2018-04-30,7,Alvarez Thomas Av. 879,AVENIDA,13,-58.45448963,-34.5791692,AUTO,CARGAS
320,2018-0046,1,2018-05-02,3,Av. Gral. Paz y Av. Rivadavia,GRAL PAZ,9,-58.52927982,-34.63931752,PEATON,AUTO
321,2018-0047,1,2018-05-08,19,Av. Corrientes y Av. Dorrego,AVENIDA,15,-58.44759966,-34.5917024,PEATON,PASAJEROS
322,2018-0048,1,2018-05-09,10,Rivadavia Av. y Pedernera,AVENIDA,7,-58.46411215,-34.62925068,PEATON,PASAJEROS
323,2018-0049,1,2018-05-11,19,Quesada 2300,CALLE,13,-58.4621322,-34.55395823,PEATON,AUTO
324,2018-0050,1,2018-05-14,18,Cabildo Av. y Juramento Av.,AVENIDA,13,-58.45669422,-34.5620361,PEATON,PASAJEROS
325,2018-0051,1,2018-05-15,21,"California y Carbonari, Francisco, Cmte.",CALLE,4,-58.3597716,-34.64341878,PEATON,AUTO
326,2018-0052,1,2018-05-18,20,"Carril, Salvador Maria Del Av. y Nazca",AVENIDA,15,-58.49820145,-34.59070093,PEATON,PASAJEROS
327,2018-0053,1,2018-05-20,2,San Luis y Aguero,CALLE,3,-58.4105928,-34.5993918,MOTO,AUTO
328,2018-0054,1,2018-05-22,11,Lugones 2430,CALLE,12,-58.47969138,-34.57121563,PEATON,BICICLETA
329,2018-0055,1,2018-05-29,7,Independencia Av. y Jujuy Av.,AVENIDA,3,-58.40351561,-34.61883916,MOTO,AUTO
330,2018-0056,1,2018-06-02,13,Av. Rivadavia 11050,AVENIDA,9,-58.51973844,-34.63918987,PEATON,PASAJEROS
331,2018-0057,1,2018-06-03,3,Combate De Los Pozos y Humberto 1°,CALLE,3,-58.39311376,-34.62163006,MOTO,PASAJEROS
332,2018-0058,1,2018-06-03,6,Cordoba Av. y Thames,AVENIDA,15,-58.43531242,-34.59082159,MOTO,AUTO
333,2018-0059,1,2018-06-08,6,"Garay, Juan De Av. y Sanchez De Loria",AVENIDA,5,-58.41178165,-34.63035454,MOTO,OTRO
334,2018-0060,1,2018-06-08,12,"Lavalle y Alem, Leandro N. Av.",AVENIDA,1,-58.370488,-34.60189492,PEATON,PASAJEROS
335,2018-0061,1,2018-06-10,11,Estados Unidos y Pichincha,CALLE,3,-58.39883882,-34.61964833,MOTO,MOTO
336,2018-0062,1,2018-06-14,1,Rosario y Barco Centenera Del,CALLE,6,-58.44110156,-34.62082399,PEATON,CARGAS
337,2018-0063,1,2018-06-16,21,Av. Leandro N. Alem y Viamonte,AVENIDA,1,-58.37093138,-34.59952725,PEATON,PASAJEROS
338,2018-0064,1,2018-06-25,1,Varela Av. y Primera Junta,AVENIDA,7,-58.45855262,-34.63953253,AUTO,CARGAS
339,2018-0065,1,2018-06-26,17,"Pellegrini, Carlos y Juncal",CALLE,1,-58.38161909,-34.59283447,MOTO,CARGAS
340,2018-0066,1,2018-06-28,11,Av. Corrientes y Av. Federico Lacroze,AVENIDA,15,-58.45511899,-34.58698157,PEATON,PASAJEROS
341,2018-0067,1,2018-06-29,16,"Montes De Oca, Manuel y Finochietto Enrique Dr.",AVENIDA,4,-58.37724226,-34.62973033,PASAJEROS,AUTO
342,2018-0068,1,2018-07-01,9,"Carabobo Av. y Alberdi, Juan Bautista Av.",AVENIDA,7,-58.45546217,-34.62930339,MOTO,AUTO
343,2018-0069,1,2018-07-04,21,"Córdoba Av. 2215

",AVENIDA,2,-58.39897064,-34.59954925,BICICLETA,PASAJEROS
344,2018-0070,1,2018-07-07,15,"Estados Unidos y Urquiza, Gral.",CALLE,3,-58.40917826,-34.62126274,MOTO,PASAJEROS
345,2018-0071,1,2018-07-10,17,Moreno y Av. Huergo,AVENIDA,1,-58.36726348,-34.61099738,MOTO,CARGAS
346,2018-0072,1,2018-07-11,13,"AU Dellepiane kilometro 0.0, altura calle Montiel, sentido hacia el Centro Porteño",AUTOPISTA,8,-58.48267426,-34.68454456,MOTO,CARGAS
347,2018-0073,1,2018-07-11,15,"Iriarte, Gral. Av. 3400",AVENIDA,4,-58.39546165,-34.65168841,PEATON,CARGAS
348,2018-0074,1,2018-07-14,6,AV. JUAN B. ALBERDI 2968,AVENIDA,7,-58.46941984,-34.63376545,AUTO,CARGAS
349,2018-0075,1,2018-07-15,7,Del Libertador Av. y Ortiz De Ocampo,AVENIDA,14,-58.40367321,-34.58129246,PEATON,AUTO
350,2018-0076,1,2018-07-16,9,"Chavez, Jorge y Paz, Gral. Av.",CALLE,9,-58.52932872,-34.65014993,AUTO,CARGAS
351,2018-0077,1,2018-07-16,23,"Urquiza, Gral. y Estados Unidos",CALLE,3,-58.40917826,-34.62126274,AUTO,CARGAS
352,2018-0078,1,2018-07-21,6,Paraguay y Sánchez De Bustamante,CALLE,2,-58.41264127,-34.59473294,PEATON,AUTO
353,2018-0079,1,2018-07-23,7,"De Los Corrales Av. y Paz, Gral. Av.",GRAL PAZ,9,-58.50877521,-34.66977709,PEATON,CARGAS
354,2018-0080,1,2018-07-25,22,"Alberdi, Juan Bautista Av. y Carhue",AVENIDA,9,-58.51232237,-34.6590353,PEATON,AUTO
355,2018-0081,1,2018-07-29,6,Castañares Av. y Rivera Indarte Av.,AVENIDA,7,-58.44744156,-34.64567171,PEATON,MULTIPLE
356,2018-0082,1,2018-08-01,15,"Larrazabal y Garzon, Eugenio, Gral. Av.",AVENIDA,9,-58.49441273,-34.65869968,MOTO,CARGAS
357,2018-0083,1,2018-08-02,5,"Paz, Gral. Av. y Fernandez De La Cruz, F., Gral. Av.",GRAL PAZ,8,-58.47976785,-34.69153196,MOTO,CARGAS
358,2018-0084,1,2018-08-03,7,Av. Alicia Moreau de Justo y Cochabamba,AVENIDA,1,-58.36523349,-34.62260331,PEATON,CARGAS
359,2018-0085,2,2018-08-03,18,"Entre Rios Av. y Garay, Juan De Av.",AVENIDA,3,-58.39118948,-34.62704273,MOTO,PASAJEROS
360,2018-0086,1,2018-08-10,21,Directorio Av. y Guardia Nacional,AVENIDA,9,-58.49019551,-34.65015854,PEATON,PASAJEROS
361,2018-0087,1,2018-08-15,19,Pavon Av. Y Colombres,AVENIDA,5,-58.41644362,-34.63023775,PEATON,PASAJEROS
362,2018-0088,1,2018-08-17,16,Av. Gral. Paz y Av. Dr. Ricardo Balbín,GRAL PAZ,12,-58.5007381,-34.5497951,MOTO,CARGAS
363,2018-0089,1,2018-08-17,17,Pichincha Av. y Brasil,AVENIDA,4,-58.39626094,-34.63036565,PEATON,PASAJEROS
364,2018-0090,1,2018-08-18,10,27 De Febrero Av. y Pergamino,AVENIDA,8,-58.43284809,-34.67051543,MOTO,AUTO
365,2018-0091,1,2018-08-19,18,AU Perito Moreno KM 1.8 ALTURA BARRAGAN SENTIDO PBA,AUTOPISTA,9,-58.52280139,-34.63659934,AUTO,AUTO
366,2018-0092,1,2018-08-20,8,Cordoba Av. y Gascon,AVENIDA,14,-58.4233693,-34.59774487,MOTO,AUTO
367,2018-0093,1,2018-08-20,8,15 De Noviembre De 1889 1513,CALLE,1,-58.38691681,-34.63105973,PEATON,PASAJEROS
368,2018-0094,1,2018-08-23,5,"Salguero, Jeronimo y Beruti",CALLE,14,-58.4116902,-34.5857988,MOTO,PASAJEROS
369,2018-0095,1,2018-08-26,0,"Lacarra Av. y Dellepiane, Luis, Tte. Gral.",AVENIDA,9,-58.46739825,-34.65117757,AUTO,AUTO
370,2018-0096,1,2018-08-31,22,"AU Héctor J. Cámpora y Roca, Cnel. Av.",AUTOPISTA,8,-58.44483258,-34.67152226,PEATON,AUTO
371,2018-0097,1,2018-09-02,10,Av. Varela y Av. Int. Francisco Rabanal,AVENIDA,8,-58.43254025,-34.66128115,AUTO,OTRO
372,2018-0098,2,2018-09-09,5,Av. Gral. Paz e/ Ferre y Beron de Astrada,GRAL PAZ,8,-58.47199387,-34.69640164,AUTO,AUTO
373,2018-0099,1,2018-09-12,14,Rivadavia Av. y Pedernera,AVENIDA,7,-58.46411215,-34.62925068,PEATON,PASAJEROS
374,2018-0100,1,2018-09-20,10,Elvira Rawson de Dellepiane 150,AVENIDA,1,-58.36217754,-34.62367156,MOTO,AUTO
375,2018-0101,1,2018-09-21,0,"Paz, Gral. Av. y Zapiola",GRAL PAZ,12,-58.48098594,-34.5407313,AUTO,MULTIPLE
376,2018-0102,1,2018-09-21,0,FAMATINA Y DIOGENES TABORDA,CALLE,4,-58.41083404,-34.64640709,MOTO,AUTO
377,2018-0103,1,2018-09-27,17,Av. Castañares y Bonorino,AVENIDA,7,-58.44609828,-34.64446729,PEATON,MOTO
378,2018-0104,1,2018-10-01,8,AU Frondizi 9 de Julio Sur y Av. Suarez,AUTOPISTA,4,-58.37709334,-34.64035082,MOTO,MOTO
379,2018-0105,1,2018-10-03,18,Nazca Av. y Rivadavia Av.,AVENIDA,7,-58.46963952,-34.63070603,PEATON,PASAJEROS
380,2018-0106,1,2018-10-04,22,"Figueroa Alcorta, Pres. Av. y Echeverria",AVENIDA,13,-58.43674281,-34.55161027,MOTO,MOTO
381,2018-0107,1,2018-10-06,14,Rivadavia Av. y Jujuy Av.,AVENIDA,3,-58.4059686,-34.61011987,PEATON,PASAJEROS
382,2018-0108,1,2018-10-09,14,"De Los Italianos Av. y Guemes, Macacha",AVENIDA,1,-58.36154069,-34.60463618,MOTO,AUTO
383,2018-0109,1,2018-10-10,22,"Tucuman y Alem, Leandro N. Av.",AVENIDA,1,-58.37062179,-34.60066507,PEATON,PASAJEROS
384,2018-0110,1,2018-10-13,3,"Corrientes Av. y Gallardo, Angel Av.",AVENIDA,15,-58.43220014,-34.60207186,PEATON,MOTO
385,2018-0111,1,2018-10-19,12,AU Perito Moreno y Av. Eva Perón SENTIDO CENTRO,AUTOPISTA,9,-58.46958442,-34.64949724,MOTO,CARGAS
386,2018-0112,1,2018-10-24,9,Muñecas y Serrano,CALLE,15,-58.44671397,-34.59970903,MOTO,CARGAS
387,2018-0113,1,2018-10-25,11,"Artigas, Jose Gervasio, Gral. y Tres Arroyos",CALLE,11,-58.47152163,-34.61474911,MOTO,CARGAS
388,2018-0114,1,2018-10-30,2,Solis e Independencia Av.,AVENIDA,1,-58.39032921,-34.61807951,MOTO,AUTO
389,2018-0115,1,2018-10-31,12,"Bosch, Ventura y Paz, Gral. Av.",CALLE,9,-58.52887773,-34.64297861,PEATON,PASAJEROS
390,2018-0116,1,2018-11-01,10,"Paz, Gral. Av. 14800",GRAL PAZ,8,-58.49371157,-34.67981324,PEATON,CARGAS
391,2018-0117,1,2018-11-04,8,Av. Eva Perón 5321,AVENIDA,9,-58.48266599,-34.66012327,MOTO,MOTO
392,2018-0118,1,2018-11-05,14,"Peron, Juan Domingo, Tte. General y Pueyrredon Av.",AVENIDA,3,-58.40612253,-34.60774301,PEATON,MOTO
393,2018-0119,1,2018-11-05,22,Rabanal y San Pedrito,AVENIDA,8,-58.43613623,-34.66292532,PEATON,SD
394,2018-0120,1,2018-11-09,13,Monroe y Alvarez Thomas Av.,AVENIDA,12,-58.48250732,-34.57208238,PEATON,AUTO
395,2018-0121,1,2018-11-09,16,Rivadavia Av. y Manzoni,AVENIDA,10,-58.49945705,-34.6374328,PEATON,PASAJEROS
396,2018-0122,1,2018-11-12,1,AU Dellepiane Luis Tte. Gral. y Larrazabal,AUTOPISTA,8,-58.47743966,-34.67233407,AUTO,AUTO
397,2018-0123,1,2018-11-12,3,"Paz, Gral. Av. y Peron, Eva Av.",GRAL PAZ,9,-58.5025179,-34.67450313,AUTO,SD
398,2018-0124,1,2018-11-15,19,AU Perito Moreno y Reservistas Argentinos,AUTOPISTA,9,-58.52144411,-34.63682499,CARGAS,CARGAS
399,2018-0125,1,2018-11-16,21,Saenz Av. y Ventana,AVENIDA,4,-58.41650465,-34.65084045,PEATON,PASAJEROS
400,2018-0126,1,2018-11-18,12,Avda. General Paz y Cnel. Ramón Falcón,GRAL PAZ,9,-58.52994219,-34.64055918,MOTO,AUTO
401,2018-0127,1,2018-11-19,9,Av. Gral. Paz y Av. de los Constituyentes,GRAL PAZ,12,-58.50993046,-34.56919739,MOTO,MOTO
402,2018-0128,2,2018-11-25,4,"Paz, Gral. Av. 11200",GRAL PAZ,9,-58.52844623,-34.64592873,AUTO,PASAJEROS
403,2018-0129,1,2018-11-28,4,"Newbery, Jorge Av. y Guevara",AVENIDA,15,-58.45021367,-34.58695347,MOTO,PASAJEROS
404,2018-0130,1,2018-12-03,3,Gaona Av. y Segurola Av.,AVENIDA,10,-58.49022072,-34.62770192,MOTO,PASAJEROS
405,2018-0131,1,2018-12-07,19,"Madero, Eduardo Av. 550",AVENIDA,1,-58.36860866,-34.60106568,MOTO,CARGAS
406,2018-0132,1,2018-12-12,8,"AU Arturo Illia y Castillo, Ramon S.",AUTOPISTA,2,-58.39490504,-34.57241534,PEATON,CARGAS
407,2018-0133,1,2018-12-12,14,Nazca Av. y Rivadavia Av.,AVENIDA,7,-58.46963952,-34.63070603,PEATON,CARGAS
408,2018-0134,1,2018-12-12,21,La Plata Av. y Caseros Av.,AVENIDA,7,-58.42349365,-34.64019887,PEATON,MOTO
409,2018-0135,1,2018-12-18,14,Belgrano Av. y Peru,AVENIDA,1,-58.37471802,-34.61265002,PEATON,PASAJEROS
410,2018-0136,1,2018-12-18,15,Rivadavia Av. 7013,AVENIDA,7,-58.46438789,-34.62913916,PEATON,PASAJEROS
411,2018-0137,1,2018-12-18,20,Adolfo Alsina y Santiago del Estero,CALLE,1,-58.38481975,-34.61100424,MOTO,PASAJEROS
412,2018-0138,1,2018-12-21,9,Bermudez 1893,CALLE,10,-58.50751833,-34.62073702,PASAJEROS,PASAJEROS
413,2018-0139,1,2018-12-22,6,Santander 1974,CALLE,7,-58.44682986,-34.63888084,MOTO,MOTO
414,2018-0140,1,2018-12-22,8,Julieta Lanteri 1400,CALLE,1,-58.3600465,-34.61381341,AUTO,AUTO
415,2018-0141,1,2018-12-22,17,Maza y Av. Independencia,AVENIDA,5,-58.41509546,-34.62085945,PEATON,MOTO
416,2018-0142,1,2018-12-25,13,"PAZ, GRAL. AV. 5172",GRAL PAZ,12,-58.50997604,-34.57251072,CARGAS,PASAJEROS
417,2018-0143,1,2018-12-29,5,"Olivera Av. y Alberdi, Juan Bautista Av.",AVENIDA,10,-58.48606475,-34.64047818,MOTO,AUTO
418,2019-0001,1,2019-01-08,8,"CASTILLO, RAMON S., PRES. AV. Y CALLE 12",AVENIDA,2,-58.38526125,-34.5780581,MOTO,CARGAS
419,2019-0002,1,2019-01-09,4,"CASTAÑARES AV. Y MORENO, PERITO AV.",AVENIDA,7,-58.45463662,-34.65082149,AUTO,CARGAS
420,2019-0003,1,2019-01-12,8,SAN MARTIN AV. Y TERRADA,AVENIDA,15,-58.49121672,-34.59718073,MOTO,AUTO
421,2019-0004,1,2019-01-14,19,"PERON, EVA AV. Y MEDINA",AVENIDA,9,-58.47325712,-34.65284605,AUTO,PASAJEROS
422,2019-0005,1,2019-01-19,12,"JUSTO, JUAN B. AV. Y ALVAREZ JONTE AV.",AVENIDA,10,-58.52108101,-34.63382309,MOTO,CARGAS
423,2019-0006,1,2019-01-23,5,"OBLIGADO RAFAEL, AV. COSTANERA 4650",AVENIDA,14,-58.41652702,-34.55509606,PEATON,AUTO
424,2019-0007,1,2019-01-26,19,"MITRE, BARTOLOME Y YATAY",CALLE,5,-58.42891604,-34.6107166,MOTO,AUTO
425,2019-0008,1,2019-01-30,22,"PAZ, GRAL. AV. 16080",GRAL PAZ,8,-58.47802293,-34.69156793,MOTO,MULTIPLE
426,2019-0009,1,2019-01-31,14,CHACABUCO Y SAN JUAN AV.,AVENIDA,1,-58.37564821,-34.62200207,MOTO,AUTO
427,2019-0010,2,2019-02-02,7,DEL LIBERTADOR AV. 4100,AVENIDA,14,-58.42668489,-34.56961468,PEATON,AUTO
428,2019-0011,1,2019-02-10,1,"PAZ, GRAL. AV. Y ALBERDI, JUAN BAUTISTA AV.",GRAL PAZ,9,-58.5183993,-34.66252488,PEATON,AUTO
429,2019-0012,1,2019-02-17,3,"CASTAÑARES AV. Y GORDILLO, TIMOTEO",AVENIDA,8,-58.48432691,-34.67665828,MOTO,AUTO
430,2019-0013,1,2019-02-20,7,SALVIGNY Y MOM,CALLE,7,-58.4338383,-34.64457699,PEATON,AUTO
431,2019-0014,1,2019-02-20,17,"LAMARCA, EMILIO 5402",CALLE,11,-58.51664939,-34.58657938,MOTO,OBJETO FIJO
432,2019-0015,1,2019-02-23,6,SAN MARTIN AV. 5638,AVENIDA,11,-58.49613012,-34.59703502,AUTO,OBJETO FIJO
433,2019-0016,1,2019-02-24,2,"CARRILLO, RAMON, DR. Y FINOCHIETTO ENRIQUE DR.",CALLE,4,-58.38313603,-34.63356284,MOTO,PASAJEROS
434,2019-0017,1,2019-03-03,7,MEXICO Y PICHINCHA,CALLE,3,-58.39914719,-34.61632317,AUTO,PASAJEROS
435,2019-0018,1,2019-03-03,23,"CANTILO, INT. Y UDAONDO, GUILLERMO AV.",AUTOPISTA,13,-58.44927253,-34.54048625,PEATON,AUTO
436,2019-0019,1,2019-03-06,12,DEL LIBERTADOR AV. 6326,AVENIDA,13,-58.45049163,-34.55374003,MOTO,AUTO
437,2019-0020,1,2019-03-07,21,CHICLANA AV. 3444,AVENIDA,5,-58.41288952,-34.63572989,MOTO,AUTO
438,2019-0021,1,2019-03-15,22,BOYACA AV. Y YERBAL,AVENIDA,7,-58.45743597,-34.62561234,MOTO,AUTO
439,2019-0022,1,2019-03-15,0,ENTRE RIOS AV. BAJO PUENTE AUTOPISTA (1260 APROX),AVENIDA,1,-58.39123782,-34.62352245,AUTO,SD
440,2019-0023,1,2019-03-16,8,"PAZ, GRAL. AV. Y JACQUES, AMADEO",GRAL PAZ,9,-58.52922765,-34.63637963,AUTO,OBJETO FIJO
441,2019-0024,1,2019-03-19,7,ANTARTIDA ARGENTINA AV. 1325,AVENIDA,1,-58.37208118,-34.58541957,MOTO,CARGAS
442,2019-0025,1,2019-03-22,13,"MITRE, BARTOLOME Y SANCHEZ DE BUSTAMANTE",CALLE,5,-58.41458534,-34.60937557,PEATON,AUTO
443,2019-0026,1,2019-03-28,7,"FERNANDEZ DE LA CRUZ, F. , GRAL. AV. Y LARRAZABAL",AVENIDA,8,-58.47976785,-34.69153196,PEATON,PASAJEROS
444,2019-0027,1,2019-03-28,11,SANTA FE AV. Y AZCUENAGA,AVENIDA,2,-58.39990285,-34.59511714,BICICLETA,MULTIPLE
445,2019-0028,1,2019-04-06,9,"JUSTO, JUAN B. AV. y OROÑO, NICASIO",AVENIDA,11,-58.46051346,-34.60588536,PEATON,PASAJEROS
446,2019-0029,1,2019-04-07,10,"FERNANDEZ DE LA CRUZ, F. , GRAL. AV. Y LACARRA AV.",AVENIDA,8,-58.47976785,-34.69153196,MOTO,OBJETO FIJO
447,2019-0030,1,2019-04-09,16,"ALVAREZ, DONATO, TTE. GRAL. Y YERBAL",CALLE,7,-58.45457546,-34.62447891,MOTO,CARGAS
448,2019-0031,1,2019-04-12,19,"CORDOBA AV. Y MADERO, EDUARDO AV.",AVENIDA,1,-58.36951669,-34.59832047,BICICLETA,CARGAS
449,2019-0032,1,2019-04-16,11,"CAMARONES Y ALVAREZ, DONATO, TTE. GRAL. AV.",AVENIDA,11,-58.46415322,-34.6044379,PEATON,AUTO
450,2019-0033,1,2019-04-18,1,"AUTOPISTA 25 DE MAYO Y HUERGO, ING. AV.",AUTOPISTA,1,-58.36607137,-34.62150748,MOTO,SD
451,2019-0034,1,2019-04-21,9,"MORENO, PERITO AV. 3050",AVENIDA,7,-58.45537373,-34.65093074,MOTO,OBJETO FIJO
452,2019-0035,1,2019-04-23,14,SUIPACHA 665,CALLE,1,-58.37942637,-34.60053054,PEATON,BICICLETA
453,2019-0036,1,2019-04-26,22,RIGLOS Y FORMOSA,CALLE,6,-58.4368044,-34.62147504,MOTO,AUTO
454,2019-0037,1,2019-05-01,23,LA RIOJA E INDEPENDENCIA AV.,AVENIDA,3,-58.40778291,-34.61971907,MOTO,AUTO
455,2019-0038,1,2019-05-04,14,"UDAONDO, GUILLERMO AV. Y FIGUEROA ALCORTA, PRES. AV.",AVENIDA,13,-58.45212523,-34.54628513,PEATON,MOTO
456,2019-0039,1,2019-05-09,3,SAN PEDRITO AV. Y DIRECTORIO AV.,AVENIDA,7,-58.46749188,-34.63551751,MOTO,AUTO
457,2019-0040,1,2019-05-09,12,PUAN Y SANTANDER,CALLE,7,-58.4426358,-34.63679732,MOTO,SD
458,2019-0041,1,2019-05-11,20,"ALBERDI, JUAN BAUTISTA AV. Y ANDALGALA",AVENIDA,9,-58.51140289,-34.65846419,AUTO,MULTIPLE
459,2019-0042,1,2019-05-14,15,LIMA Y CONSTITUCION,CALLE,1,-58.38211431,-34.62465368,PEATON,PASAJEROS
460,2019-0043,1,2019-05-21,9,"CORDOBA AV. Y MADERO, EDUARDO AV.",AVENIDA,1,-58.36951669,-34.59832047,BICICLETA,CARGAS
461,2019-0044,1,2019-05-27,12,BOEDO AV. 650,AVENIDA,5,-58.41635217,-34.62036547,PEATON,MOTO
462,2019-0045,1,2019-06-03,7,DEL LIBERTADOR AV. Y REPUBLICA DE LA INDIA,AVENIDA,14,-58.41316147,-34.57579669,MOTO,CARGAS
463,2019-0046,1,2019-06-04,9,GRAL PAZ Y CABILDO,GRAL PAZ,13,-58.47617802,-34.53825652,MOTO,AUTO
464,2019-0047,1,2019-06-06,10,CASEROS AV. 1700,AVENIDA,4,-58.38641783,-34.63330028,PEATON,CARGAS
465,2019-0048,1,2019-06-07,7,AVELLANEDA AV. 1548,AVENIDA,6,-58.45322169,-34.62038137,MOTO,CARGAS
466,2019-0049,1,2019-06-08,9,CIUDAD DE LA PAZ Y MENDOZA,CALLE,13,-58.45849057,-34.56166498,PEATON,CARGAS
467,2019-0050,1,2019-06-08,23,"SALGUERO, JERONIMO Y HONDURAS AV.",AVENIDA,14,-58.41829559,-34.59411677,MOTO,CARGAS
468,2019-0051,1,2019-06-11,10,"FILIBERTO, JUAN DE DIOS Y OLAVARRIA",CALLE,4,-58.36376488,-34.63832093,MOTO,AUTO
469,2019-0053,1,2019-06-14,17,ASTURIAS AV. Y CASTAÑARES AV.,AVENIDA,8,-58.46442668,-34.66004784,AUTO,AUTO
470,2019-0054,1,2019-06-20,3,GANDARA 2976,CALLE,15,-58.48222035,-34.58428769,MOTO,OBJETO FIJO
471,2019-0055,1,2019-06-20,19,"GUEVARA, TRINIDAD Y MADERO, EDUARDO AV.",AVENIDA,1,-58.36819005,-34.60283208,MOTO,PASAJEROS
472,2019-0056,1,2019-06-29,17,BOYACA AV. 305,AVENIDA,7,-58.45877601,-34.62330939,PEATON,AUTO
473,2019-0057,1,2019-07-05,19,ARTILLEROS Y LA PAMPA,CALLE,13,-58.44196498,-34.55760517,PEATON,AUTO
474,2019-0058,1,2019-07-10,9,AUTOPISTA PERITO MORENO ALTURA PASO A NIVEL DE IRIGOYEN,AUTOPISTA,10,-58.50622631,-34.63627822,MOTO,PASAJEROS
475,2019-0059,1,2019-07-13,22,15 DE NOVIEMBRE DE 1889 Y SANTIAGO DEL ESTERO,CALLE,1,-58.3841088,-34.63099197,MOTO,PASAJEROS
476,2019-0060,1,2019-07-17,11,"ACOSTA, MARIANO AV. Y FALCON, RAMON L., CNEL.",AVENIDA,10,-58.48100602,-34.63504312,PEATON,AUTO
477,2019-0061,1,2019-07-17,18,11 DE SEPTIEMBRE DE 1888 Y MENDOZA,CALLE,13,-58.45200171,-34.5578132,PEATON,PASAJEROS
478,2019-0062,1,2019-08-01,23,"PINO, VIRREY DEL Y CAMPOS, LUIS M. AV.",AVENIDA,13,-58.44462132,-34.56201105,PEATON,PASAJEROS
479,2019-0063,1,2019-08-04,1,FOREST AV. Y MAURE,AVENIDA,15,-58.45220688,-34.58711712,MOTO,PASAJEROS
480,2019-0064,1,2019-08-06,3,"BOYACA AV. Y AVELLANEDA AV,",AVENIDA,7,-58.4596221,-34.6224514,MOTO,AUTO
481,2019-0065,1,2019-08-08,16,BARCO CENTENERA DEL Y TILCARA,CALLE,4,-58.4197085,-34.65414867,PEATON,PASAJEROS
482,2019-0066,1,2019-08-11,21,RIESTRA AV. Y BOLIVAR,AVENIDA,7,-58.44187596,-34.64938031,PEATON,AUTO
483,2019-0067,1,2019-08-14,15,"CASTRO, EMILIO 4706",CALLE,10,-58.49101637,-34.64276621,MOTO,CARGAS
484,2019-0068,1,2019-08-14,17,27 DE FEBRERO AV. 5600,AVENIDA,8,-58.42493829,-34.66256502,MOTO,MOTO
485,2019-0069,1,2019-08-17,5,"GARAY, JUAN DE AV. 2874",AVENIDA,4,-58.40489318,-34.62930162,MOTO,AUTO
486,2019-0070,1,2019-08-22,12,"SCALABRINI ORTIZ, RAUL AV. y GORRITI",AVENIDA,14,-58.4268668,-34.59217875,MOTO,BICICLETA
487,2019-0071,1,2019-08-27,11,PRIMERA JUNTA Y OLIVERA AV.,AVENIDA,9,-58.479611,-34.65620398,PEATON,CARGAS
488,2019-0072,1,2019-08-28,6,"ALBERDI, JUAN BAUTISTA AV. Y AZUL",AVENIDA,10,-58.47439934,-34.63524207,AUTO,AUTO
489,2019-0073,1,2019-08-29,1,ALVAREZ THOMAS AV. 1788,AVENIDA,15,-58.46711912,-34.57926018,AUTO,OBJETO FIJO
490,2019-0074,1,2019-08-29,9,"LUGONES, LEOPOLDO AV. Y PAZ, GRAL. AV.",AUTOPISTA,13,-58.46514781,-34.53465378,MOTO,CARGAS
491,2019-0075,1,2019-08-30,23,SAN ANTONIO Y LUJAN,CALLE,4,-58.37571078,-34.65584079,MOTO,PASAJEROS
492,2019-0076,1,2019-09-05,18,AUTOPISTA 1 SUR PRESIDENTE ARTURO FRONDIZI ALTURA DON PEDRO DE MENDOZA AV.,AUTOPISTA,4,-58.37157668,-34.65429986,MOTO,CARGAS
493,2019-0077,1,2019-09-08,3,"FIGUEROA ALCORTA, PRES. AV. Y TAGLE",AVENIDA,14,-58.39811256,-34.58070186,PEATON,AUTO
494,2019-0078,1,2019-09-12,8,"EINSTEIN, ALBERTO Y ALCORTA, AMANCIO AV.",AVENIDA,4,-58.41125934,-34.6541774,PEATON,CARGAS
495,2019-0079,1,2019-09-17,5,AGRELO Y COLOMBRES,CALLE,5,-58.41822901,-34.61866836,MOTO,PASAJEROS
496,2019-0080,1,2019-09-17,18,"CABILDO AV. y PAZ, GRAL. AV.",GRAL PAZ,13,-58.47617802,-34.53825652,PEATON,MOTO
497,2019-0081,1,2019-09-23,16,ELCANO AV. 4300,AVENIDA,15,-58.46141281,-34.58623761,PEATON,PASAJEROS
498,2019-0082,1,2019-09-25,7,"RABANAL, FRANCISCO, INTENDENTE AV. 2428",AVENIDA,8,-58.42985146,-34.6611974,BICICLETA,CARGAS
499,2019-0083,1,2019-09-26,8,MONTE Y CORVALAN,CALLE,9,-58.48457413,-34.6583909,AUTO,AUTO
500,2019-0084,1,2019-09-27,11,TANDIL Y LA FUENTE,CALLE,7,-58.46572884,-34.63628186,BICICLETA,CARGAS
501,2019-0085,1,2019-10-09,22,CARDOSO Y BACACAY,CALLE,10,-58.49261744,-34.6341913,BICICLETA,TREN
502,2019-0086,1,2019-10-15,14,CORRIENTES AV. 6700,AVENIDA,15,-58.45283186,-34.5884156,MOTO,PASAJEROS
503,2019-0087,1,2019-10-21,21,ALVAREZ THOMAS AV. Y MENDOZA,AVENIDA,12,-58.47973681,-34.57418656,MOTO,MOTO
504,2019-0088,1,2019-10-22,20,"ALCORTA, AMANCIO AV. Y BONAVENA, OSCAR NATALIO",AVENIDA,4,-58.40623949,-34.65076549,PEATON,PASAJEROS
505,2019-0089,1,2019-10-23,15,"BROWN, ALTE. AV. Y BLANES, JUAN MANUEL",AVENIDA,4,-58.36244648,-34.63107887,PEATON,CARGAS
506,2019-0090,1,2019-10-24,18,"ALBERDI, JUAN BAUTISTA AV. 5455",AVENIDA,9,-58.49962423,-34.64868027,PEATON,MOTO
507,2019-0091,1,2019-11-01,20,"JUSTO, JUAN B. AV. Y CAMARGO",AVENIDA,15,-58.44551437,-34.59559816,PEATON,PASAJEROS
508,2019-0092,1,2019-11-03,10,"BRIN, MINISTRO Y SUAREZ",CALLE,4,-58.35608181,-34.63420319,PEATON,PASAJEROS
509,2019-0093,1,2019-11-13,11,"NIZA Y JUSTO, JUAN B. AV.",AVENIDA,11,-58.46483679,-34.60907662,BICICLETA,OTRO
510,2019-0094,1,2019-11-18,14,CAMARGO Y SERRANO,CALLE,15,-58.44368628,-34.59724326,MOTO,OTRO
511,2019-0095,1,2019-11-20,15,AUTOPISTA 1 SUR PRESIDENTE ARTURO FRONDIZI ALTURA CASEROS AV.,AUTOPISTA,1,-58.37864583,-34.62907067,MOTO,CARGAS
512,2019-0096,1,2019-11-22,19,CASEROS AV. Y PIEDRAS,AVENIDA,1,-58.37560352,-34.62726382,PEATON,PASAJEROS
513,2019-0097,1,2019-11-25,8,"AUTOPISTA PERITO MORENO KM 5,6",AUTOPISTA,9,-58.47721439,-34.64815069,MOTO,MULTIPLE
514,2019-0098,1,2019-11-25,14,GUZMAN 365,AVENIDA,15,-58.45134029,-34.58984288,PASAJEROS,PASAJEROS
515,2019-0100,1,2019-12-05,17,de los constituyentes av. 4300,AVENIDA,12,-58.49040794,-34.58368803,MOTO,AUTO
516,2019-0101,1,2019-12-17,4,"MORENO, PERITO AV. Y TILCARA AV.",AVENIDA,4,-58.42102679,-34.64991178,MOTO,MOTO
517,2019-0102,1,2019-12-17,14,"IBARROLA Y GORDILLO, TIMOTEO",CALLE,9,-58.52219407,-34.64143926,MOTO,AUTO
518,2019-0103,1,2019-12-18,11,"PAZ, GRAL. AV. Y GRIVEO",GRAL PAZ,11,-58.52169422,-34.5947164,MOTO,MOTO
519,2019-0104,1,2019-12-21,4,RIVADAVIA AV. Y PERGAMINO,AVENIDA,10,-58.47460416,-34.63206174,MOTO,AUTO
520,2019-0105,1,2019-05-05,11,SANTO TOME Y SEGUROLA AV.,AVENIDA,10,-58.50512382,-34.61520391,PEATON,AUTO
521,2020-0001,1,2020-01-04,10,URIARTE Y LOYOLA,CALLE,15,-58.43910409,-34.59213355,PEATON,AUTO
522,2020-0002,1,2020-01-05,20,SARAZA Y VARELA AV.,AVENIDA,7,-58.45019436,-34.64646409,MOTO,OBJETO FIJO
523,2020-0003,1,2020-01-11,6,RIVADAVIA AV. Y COMBATE DE LOS POZOS,AVENIDA,3,-58.39337644,-34.60927582,PEATON,AUTO
524,2020-0004,1,2020-01-14,21,RODRIGUEZ PEÑA Y RIVADAVIA AV.,AVENIDA,1,-58.39055614,-34.60919284,PEATON,PASAJEROS
525,2020-0005,1,2020-01-14,6,24 DE NOVIEMBRE Y SAN JUAN AV.,AVENIDA,3,-58.41036975,-34.62477021,MOTO,PASAJEROS
526,2020-0006,1,2020-01-20,12,LAFUENTE AV. 2250,AVENIDA,8,-58.44925765,-34.65412546,MOTO,CARGAS
527,2020-0007,1,2020-01-27,0,CHILE Y LIMA ,CALLE,1,-58.3815685,-34.61648696,PEATON,MOTO
528,2020-0008,1,2020-01-30,7,CORDOBA AV. Y JEAN JAURES,AVENIDA,2,-58.40662899,-34.59804521,MOTO,CARGAS
529,2020-0009,1,2020-02-04,14,"PERON, JUAN DOMINGO, TTE. GENERAL Y SALGUERO, JERONIMO",CALLE,5,-58.41985649,-34.6060085,PEATON,AUTO
530,2020-0010,1,2020-02-08,5,9 DE JULIO AV. Y SAN JUAN AV.,AVENIDA,1,-58.38099833,-34.62214953,MOTO,OBJETO FIJO
531,2020-0011,1,2020-02-12,11,COLOMBRES 466,CALLE,5,-58.41803309,-34.61823178,MOTO,CARGAS
532,2020-0012,1,2020-02-18,21,MEXICO 2860,CALLE,3,-58.40604003,-34.61783553,PEATON,MOTO
533,2020-0013,1,2020-02-20,12,COMBATIENTES DE MALVINAS AV. Y TRIUNVITARO AV.,AVENIDA,15,-58.47549929,-34.57994061,PEATON,MOTO
534,2020-0014,1,2020-02-27,2,BERMUDEZ Y NOGOYA,CALLE,11,-58.51398484,-34.61600366,MOTO,PASAJEROS
535,2020-0015,1,2020-02-28,14,BRASIL AV. Y PASEO COLON AV.,AVENIDA,1,-58.36797542,-34.62519403,MOTO,PASAJEROS
536,2020-0016,1,2020-02-29,13,"ALEM,LEANDRO N. AV. 770",AVENIDA,1,-58.37133616,-34.59879316,PEATON,PASAJEROS
537,2020-0017,1,2020-03-05,23,BELGRANO AV. Y RINCON,AVENIDA,3,-58.39613805,-34.61413568,PEATON,AUTO
538,2020-0018,1,2020-03-09,14,"UDAONDO, GUILLERMO AV. 901",AVENIDA,13,-58.44903073,-34.54200276,MOTO,OBJETO FIJO
539,2020-0019,1,2020-03-10,21,CONSTITUCION Y CASTRO,CALLE,5,-58.41972364,-34.6284667,PEATON,AUTO
540,2020-0020,1,2020-03-13,17,"PUEYRREDON AV. Y GOMEZ, VALENTIN",AVENIDA,3,-58.40571596,-34.60557123,PEATON,MOTO
541,2020-0021,1,2020-03-14,16,"BRAVO, MARIO 1279",CALLE,2,-58.4145159,-34.59488319,PEATON,AUTO
542,2020-0022,1,2020-04-07,6,"DELLEPIANE, LUIS, TTE. GRAL. Y ESCALADA AV.",AUTOPISTA,9,-58.47297505,-34.66245085,AUTO,CARGAS
543,2020-0023,1,2020-04-09,18,"ARAOZ DE LAMADRID, GREGORIO, GRAL. Y BROWN, ALTE. AV.",AVENIDA,4,-58.35791192,-34.63695178,AUTO,CARGAS
544,2020-0024,1,2020-04-24,7,MURGUIONDO 1339,CALLE,9,-58.50801713,-34.65177305,AUTO,AUTO
545,2020-0025,1,2020-05-12,5,RIVADAVIA AV. 2551,AVENIDA,3,-58.40258477,-34.60975108,PEATON,AUTO
547,2020-0027,1,2020-05-18,8,"DELLEPIANE, LUIS, TTE. GRAL. Y MONTIEL",AVENIDA,8,-58.48267426,-34.68454456,PEATON,CARGAS
548,2020-0028,1,2020-05-19,10,"SCALABRINI ORTIZ, RAUL AV. Y WARNES AV.",AVENIDA,15,-58.44248936,-34.60221948,PEATON,PASAJEROS
549,2020-0029,1,2020-06-10,14,"PAZ, GRAL. AV. y ROFFO, ANGEL H., DR.",GRAL PAZ,9,-58.52909134,-34.63886726,PEATON,PASAJEROS
550,2020-0030,1,2020-06-16,15,SAN MARTIN AV. 1550,AVENIDA,6,-58.45158942,-34.6064658,MOTO,MULTIPLE
551,2020-0031,1,2020-06-30,8,"GARZON, EUGENIO, GRAL. AV. y LARRAYA",AVENIDA,9,-58.49344309,-34.65788529,MOTO,CARGAS
552,2020-0032,1,2020-07-10,23,CORRIENTES AV. Y SERRANO,AVENIDA,15,-58.44259166,-34.59635137,MOTO,AUTO
553,2020-0033,1,2020-07-19,6,"PAZ, GRAL. AV. Y DEL LIBERTADOR AV.",GRAL PAZ,13,-58.46743471,-34.53476874,AUTO,OBJETO FIJO
554,2020-0034,1,2020-08-02,3,"MITRE, BARTOLOME Y ANCHORENA, TOMAS MANUEL DE, DR.",CALLE,3,-58.41178158,-34.60922259,PEATON,AUTO
555,2020-0035,1,2020-08-04,5,"AU 25 DE MAYO ALTURA PUMACAHUA Y RECUERO, CASIMIRO, TTE. CNEL.",AUTOPISTA,7,-58.45068621,-34.63638927,MOTO,PASAJEROS
556,2020-0036,1,2020-08-07,18,"SCALABRINI ORTIZ, RAUL AV. Y PARAGUAY",AVENIDA,14,-58.42016954,-34.5877879,PEATON,MOTO
557,2020-0037,1,2020-08-29,4,"FERNANDEZ DE LA CRUZ, F., GRAL. AV. Y VARELA AV.",AVENIDA,8,-58.43850413,-34.65554754,PEATON,AUTO
558,2020-0038,2,2020-08-30,4,"LAS HERAS GENERAL AV. Y DIAZ, CNEL. AV.",AVENIDA,14,-58.40617526,-34.58345898,AUTO,AUTO
560,2020-0040,1,2020-09-12,3,"CASTILLO, RAMON S., PRES. AV. Y CALLE 12",AVENIDA,2,-58.38526125,-34.5780581,AUTO,OBJETO FIJO
561,2020-0041,1,2020-09-28,1,"CURAPALIGUE Y PERON, EVA AV.",AVENIDA,7,-58.4475047,-34.63491705,MOTO,PASAJEROS
562,2020-0042,1,2020-09-29,17,"DIAZ, ANA Y SOLDADO DE LA FRONTERA AV.",AVENIDA,8,-58.46745752,-34.68192648,PEATON,PASAJEROS
563,2020-0043,1,2020-09-30,17,"ALEM, LEANDRO N. AV. Y PARAGUAY",AVENIDA,1,-58.37202621,-34.59717942,PEATON,PASAJEROS
564,2020-0044,1,2020-10-05,0,LA PLATA AV. E INDEPENDENCIA,AVENIDA,6,-58.42779702,-34.62207347,AUTO,AUTO
565,2020-0045,1,2020-10-19,3,"PAZ, GRAL. AV. Y 27 DE FEBRERO AV.",GRAL PAZ,8,-58.46244952,-34.70524971,AUTO,CARGAS
566,2020-0046,1,2020-10-27,21,"NAZCA AV. Y CARRANZA, ADOLFO P.",AVENIDA,11,-58.4844016,-34.60776782,MOTO,MOTO
567,2020-0047,1,2020-10-27,14,AUTOPISTA CAMPORA ALTURA LACARRA AV.,AUTOPISTA,9,-58.46668375,-34.65174801,PEATON,CARGAS
568,2020-0048,1,2020-10-29,20,DORREGO AV. 614,AVENIDA,15,-58.4495878,-34.59322448,MOTO,OBJETO FIJO
569,2020-0049,1,2020-10-30,20,"DEL LIBERTADOR AV. Y RAMOS MEJIA, JOSE MARIA, DR. AV.",AVENIDA,1,-58.37533517,-34.59276462,PEATON,AUTO
570,2020-0050,1,2020-11-01,22,SANTA FE AV. Y GODOY CRUZ,AVENIDA,14,-58.42525456,-34.57866344,PEATON,MOTO
571,2020-0051,1,2020-11-05,0,AVELLANEDA AV. Y MERCEDES,AVENIDA,10,-58.48493828,-34.62981124,MOTO,AUTO
572,2020-0052,1,2020-11-07,6,TUCUMAN Y PUEYRREDON AV.,AVENIDA,3,-58.40480504,-34.60183884,BICICLETA,CARGAS
573,2020-0053,1,2020-11-09,3,"ALCORTA, AMANCIO AV. Y EINSTEIN, ALBERTO",AVENIDA,4,-58.41125934,-34.6541774,AUTO,AUTO
574,2020-0054,1,2020-11-19,9,INCLAN Y ALBERTI,CALLE,4,-58.39956546,-34.6297708,BICICLETA,AUTO
575,2020-0055,1,2020-11-19,12,OLAZABAL AV. 5437,AVENIDA,12,-58.49005682,-34.5786897,PEATON,CARGAS
576,2020-0056,1,2020-11-21,13,"PAZ, GRAL. AV. Y DOCTOR RAMON CARRILLO",GRAL PAZ,8,-58.47064556,-34.69843756,MOTO,CARGAS
577,2020-0057,1,2020-11-23,7,"NAZCA AV. Y VIALE, LUIS",AVENIDA,11,-58.4750156,-34.61945902,PEATON,AUTO
578,2020-0058,1,2020-11-24,16,"OLIVERA AV. Y FALCON, RAMON L., CNEL.",AVENIDA,10,-58.48727942,-34.63652467,PEATON,AUTO
579,2020-0059,1,2020-12-01,6,BRASIL 1100,CALLE,1,-58.3795169,-34.62794241,PEATON,PASAJEROS
580,2020-0060,1,2020-12-03,20,"HOMERO Y PERON, EVA AV.",AVENIDA,9,-58.47750832,-34.65672199,PEATON,MOTO
581,2020-0061,1,2020-12-03,14,"CANTILO, INT. Y UDAONDO, GUILLERMO AV.",AUTOPISTA,13,-58.44927253,-34.54048625,MOTO,CARGAS
582,2020-0062,1,2020-12-04,17,MORENO 1845,CALLE,3,-58.39246272,-34.61253541,BICICLETA,PASAJEROS
583,2020-0063,2,2020-12-05,7,NUEVA YORK Y ALTA GRACIA,CALLE,11,-58.52783814,-34.61047001,PEATON_MOTO,MOTO
584,2020-0065,1,2020-12-05,16,"PAZ, GRAL. AV. Y GOYENECHE, ROBERTO PARQUE AV.",GRAL PAZ,12,-58.49332664,-34.54836855,MOTO,AUTO
585,2020-0066,1,2020-12-07,4,AUTOPISTA PERITO MORENO ALTURA ESTACION DE TREN VILLA LURO,AUTOPISTA,10,-58.50178784,-34.63593897,MOTO,OBJETO FIJO
586,2020-0067,1,2020-12-11,22,SAENZ AV. Y BEAZLEY,AVENIDA,4,-58.41657793,-34.65476216,PEATON,PASAJEROS
587,2020-0068,1,2020-12-12,20,DEL LIBERTADOR AV. Y AUSTRIA,AVENIDA,2,-58.39731474,-34.58307887,MOTO,AUTO
588,2020-0069,1,2020-12-15,5,"INDEPENDENCIA AV. Y SAENZ PEÑA, LUIS, PRES.",AVENIDA,1,-58.38746381,-34.61790839,MOTO,PASAJEROS
589,2020-0070,1,2020-12-17,15,"CALLAO AV. Y LAS HERAS, GENERAL",AVENIDA,2,-58.39189441,-34.59176378,PEATON,PASAJEROS
590,2020-0071,1,2020-12-17,23,SAN PEDRITO AV. Y DIRECTORIO AV.,AVENIDA,7,-58.46749188,-34.63551751,PEATON,AUTO
591,2020-0072,1,2020-12-19,3,"JUJUY AV. Y CARLOS, CALVO",AVENIDA,3,-58.40280471,-34.62113271,BICICLETA,AUTO
592,2020-0073,1,2020-12-20,7,27 DE FEBRERO AV. Y ESCALADA AV.,AVENIDA,8,-58.44451316,-34.68475866,MOTO,OBJETO FIJO
593,2020-0074,1,2020-12-20,21,BOGOTA Y NAZCA AV.,AVENIDA,7,-58.47110424,-34.62742408,AUTO,AUTO
594,2020-0075,1,2020-12-23,14,CORRIENTES AV. Y 9 DE JULIO AV.,AVENIDA,1,-58.38220928,-34.60373898,PEATON,PASAJEROS
595,2020-0076,1,2020-12-24,12,ALVAREZ JONTE AV. Y CHIVILCOY,AVENIDA,10,-58.49794468,-34.61565025,AUTO,PASAJEROS
596,2020-0077,2,2020-12-25,6,SAN MARTIN AV. Y PUNTA ARENAS,AVENIDA,15,-58.47220945,-34.60111373,MOTO,AUTO
597,2020-0078,1,2020-12-25,5,BARCO CENTENERA DEL 1118,CALLE,7,-58.43706741,-34.63217813,BICICLETA,PASAJEROS
598,2020-0079,1,2020-12-27,4,"PAZ, GRAL. AV. Y ACCESO NORTE - PANAMERICANA",GRAL PAZ,12,-58.49332664,-34.54836855,MOTO,OBJETO FIJO
599,2021-0001,1,2021-01-06,18,AU FRONDIZI KM. 3,AUTOPISTA,1,-58.37960727,-34.62622851,MOTO,AUTO
600,2021-0002,1,2021-01-07,10,"CASTRO, EMILIO AV. Y MURGUIONDO",AVENIDA,9,-58.51061062,-34.64972472,MOTO,CARGAS
601,2021-0003,1,2021-01-10,7,"AU 25 DE MAYO KM. 3,7",AUTOPISTA,7,-58.43052224,-34.62941648,MOTO,OBJETO FIJO
602,2021-0004,1,2021-01-11,9,CASEROS AV. Y GUARANI,AVENIDA,5,-58.41455544,-34.63866836,PEATON,CARGAS
603,2021-0005,1,2021-01-11,21,"PERON, EVA AV. 3800",AVENIDA,9,-58.46774439,-34.64730145,PEATON,AUTO
604,2021-0006,1,2021-01-12,21,AU ILLIA y SARMIENTO AV.,AUTOPISTA,14,-58.40786274,-34.56726817,MOTO,CARGAS
605,2021-0007,1,2021-01-18,10,DE LOS CONSTITUYENTES AV. Y GIRIBONE,AVENIDA,15,-58.48744301,-34.58622275,MOTO,MOTO
606,2021-0008,1,2021-01-22,23,"SAENZ AV. Y RABANAL, FRANCISCO, INTENDENTE AV.",AVENIDA,4,-58.41657793,-34.65476216,PEATON,PASAJEROS
607,2021-0009,1,2021-01-23,5,PAYSANDU Y GAONA,AVENIDA,6,-58.45351111,-34.61134937,MOTO,OBJETO FIJO
608,2021-0010,1,2021-01-23,8,"PAZ, GRAL. AV. Y BALBIN, RICARDO, DR. AV. ",GRAL PAZ,12,-58.5007381,-34.5497951,MOTO,AUTO
609,2021-0011,1,2021-01-27,1,SANTA FE AV. 1675,AVENIDA,2,-58.39144148,-34.59564871,PEATON,AUTO
610,2021-0012,1,2021-01-29,20,AU DELLEPIANE Y GUAMINI,AUTOPISTA,8,-58.48191128,-34.68385968,PEATON,AUTO
611,2021-0013,1,2021-01-31,6,"FALCON, RAMON L., CNEL. Y OLIVERA AV.",AVENIDA,10,-58.48727942,-34.63652467,MOTO,OBJETO FIJO
612,2021-0014,1,2021-02-02,0,SAN MARTIN AV. Y NOGOYA,AVENIDA,15,-58.48328708,-34.59779521,PEATON,AUTO
613,2021-0015,1,2021-02-06,3,SAN MARTIN AV. Y TINOGASTA,AVENIDA,15,-58.49018543,-34.5972499,MOTO,OBJETO FIJO
614,2021-0016,1,2021-02-14,5,"FERNANDEZ DE LA CRUZ, F., GRAL. AV. Y DE LA TORRE, LISANDRO",AVENIDA,8,-58.47230127,-34.68482689,AUTO,OBJETO FIJO
615,2021-0017,1,2021-02-17,4,SALTA Y CASEROS AV.,AVENIDA,1,-58.38262614,-34.63168269,MOTO,PASAJEROS
616,2021-0018,1,2021-02-20,19,"JAURES, JEAN Y PERON, JUAN DOMINGO, TTE. GENERAL",CALLE,3,-58.41047268,-34.60793518,PEATON,AUTO
617,2021-0019,1,2021-02-21,1,"TRIUNVIRATO AV. Y LARRALDE, CRISOLOGO AV.",AVENIDA,12,-58.49659234,-34.56353635,MOTO,OBJETO FIJO
618,2021-0020,1,2021-02-21,15,POTOSI Y GASCON,CALLE,5,-58.42462955,-34.60727189,PEATON,CARGAS
619,2021-0021,1,2021-02-26,5,"YRIGOYEN, HIPOLITO Y  24 DE NOVIEMBRE",CALLE,3,-58.41168345,-34.61185625,MOTO,OBJETO FIJO
620,2021-0022,1,2021-02-28,12,DEL LIBERTADOR AV. Y ROOSEVELT FRANKLIN D.,AVENIDA,13,-58.45157681,-34.55217303,PASAJEROS,SD
622,2021-0024,1,2021-03-03,16,"PERON, EVA AV. y PIEDRA BUENA AV",AVENIDA,9,-58.49573651,-34.67006054,BICICLETA,CARGAS
623,2021-0025,1,2021-03-11,3,"PAZ, GRAL. AV. y DELLEPIANE, LUIS, TTE. GRAL",GRAL PAZ,8,-58.48695354,-34.68795245,MOTO,OTRO
624,2021-0026,1,2021-03-15,2,"AU FRONDIZI ALTURA QUINQUELA MARTIN, BENITO",AUTOPISTA,4,-58.37562539,-34.64449357,MOTO,OBJETO FIJO
625,2021-0027,1,2021-03-16,15,"PAZ, GRAL. AV. y DONADO",GRAL PAZ,12,-58.49491054,-34.54795581,MOTO,CARGAS
626,2021-0028,1,2021-03-29,17,"COREA AV. y TORRES Y TENORIO, PRES",AVENIDA,7,-58.44147621,-34.64357704,PEATON,PASAJEROS
627,2021-0029,1,2021-03-31,18,"FALCON, RAMON L., CNEL. Y SAN PEDRITO AV.",AVENIDA,7,-58.46899119,-34.63215432,AUTO,AUTO
628,2021-0030,1,2021-04-03,18,FINOCHIETTO ENRIQUE DR. 1623,CALLE,4,-58.38685612,-34.63455776,PEATON,PASAJEROS
629,2021-0031,1,2021-04-07,10,9 DE JULIO AV. E INDEPENDENCIA AV.,AVENIDA,1,-58.38113667,-34.61765323,PEATON,CARGAS
630,2021-0032,1,2021-04-10,19,"AU CANTILO Y GUIRALDES, INT.",AUTOPISTA,13,-58.44112678,-34.54538956,PEATON,MOTO
631,2021-0033,1,2021-04-14,17,AU 25 DE MAYO ALTURA BAJADA BOEDO AV.,AUTOPISTA,5,-58.41595919,-34.62743346,AUTO,OBJETO FIJO
632,2021-0034,1,2021-04-19,14,"ALCORTA, AMANCIO AV. y ZAVALETA",AVENIDA,4,-58.40184094,-34.64546845,MOTO,CARGAS
633,2021-0035,1,2021-05-03,9,"JANER, ANA MARIA Y LAFUENTE AV.",AVENIDA,8,-58.44642231,-34.65679806,MOTO,CARGAS
634,2021-0036,1,2021-05-09,6,"PAZ, GRAL. AV. Y MOSCONI GENERAL AV.",GRAL PAZ,11,-58.52340614,-34.59798754,MOTO,OBJETO FIJO
635,2021-0037,1,2021-05-11,7,"MONROE Y BALBIN, RICARDO, DR. AV.",AVENIDA,13,-58.46649069,-34.56219075,PEATON,PASAJEROS
636,2021-0038,1,2021-05-14,11,"JUSTO, JUAN B. AV. Y SANTA FE AV.",AVENIDA,14,-58.42653328,-34.57816791,MOTO,CARGAS
637,2021-0039,1,2021-05-15,12,"OLIDEN Y ALBERDI, JUAN BAUTISTA AV.",AVENIDA,9,-58.50407099,-34.65303372,BICICLETA,AUTO
638,2021-0040,1,2021-05-20,5,"PAZ, GRAL. AV. Y DEL LIBERTADOR AV.",GRAL PAZ,13,-58.46743471,-34.53476874,MOTO,AUTO
639,2021-0041,1,2021-05-20,8,DEL LIBERTADOR AV. Y CASARES AV.,AVENIDA,14,-58.40986646,-34.5772806,PEATON,PASAJEROS
640,2021-0042,1,2021-05-21,5,RIVADAVIA AV. 10900,AVENIDA,9,-58.51739138,-34.63931792,PEATON,PASAJEROS
641,2021-0043,1,2021-05-22,18,"ALBERDI, JUAN BAUTISTA AV. Y PILAR",AVENIDA,9,-58.50719962,-34.65556223,PEATON,AUTO
642,2021-0044,1,2021-05-25,2,"PERON, EVA AV. Y ACOSTA, MARIANO",AVENIDA,9,-58.46712311,-34.64600222,MOTO,OBJETO FIJO
643,2021-0045,1,2021-05-26,17,AU FRONDIZI Y SUAREZ AV.,AUTOPISTA,4,-58.37709334,-34.64035082,MOTO,MULTIPLE
644,2021-0046,1,2021-05-31,2,EL CANO AV. Y GUZMAN AV.,AVENIDA,15,-58.46033141,-34.58569883,AUTO,OBJETO FIJO
645,2021-0047,1,2021-06-02,16,"VEDIA, AGUSTIN DE Y RABANAL, FRANCISCO, INTENDENTE AV.",AVENIDA,4,-58.42190745,-34.65633192,MOTO,AUTO
646,2021-0048,1,2021-06-03,9,CAPDEVILLA Y CONGRESO AV.,AVENIDA,12,-58.49026573,-34.5698141,BICICLETA,AUTO
647,2021-0049,1,2021-06-03,20,"FERNANDEZ DE LA CRUZ, F., GRAL. AV. 4000",AVENIDA,8,-58.45410344,-34.66902702,AUTO,AUTO
648,2021-0050,1,2021-06-10,13,DEL LIBERTADOR AV. 5958,AVENIDA,13,-58.44751621,-34.55719892,MOTO,PASAJEROS
649,2021-0051,1,2021-06-15,19,27 DE FEBRERO AV. Y EREZCANO AV.,AVENIDA,4,-58.42040352,-34.66005171,PEATON,CARGAS
650,2021-0052,1,2021-06-20,5,"PAZ, GRAL. AV. 14723",GRAL PAZ,8,-58.49530249,-34.68010798,MOTO,OBJETO FIJO
651,2021-0053,1,2021-06-20,12,CORRIENTES AV. 5783,AVENIDA,15,-58.44399875,-34.5947736,PEATON,BICICLETA
652,2021-0054,1,2021-06-22,14,TABARE Y EREZCANO,CALLE,4,-58.42759813,-34.65463857,MOTO,CARGAS
653,2021-0055,1,2021-06-29,12,CORRIENTES AV. Y PUEYRREDOR AV.,AVENIDA,3,-58.40547222,-34.60456293,MOTO,CARGAS
654,2021-0056,1,2021-07-09,23,"CORRALES Y MORENO, PERITO AV.",AVENIDA,4,-58.42473018,-34.6500828,BICICLETA,AUTO
655,2021-0057,1,2021-07-10,23,"AU ILLIA KM 3.2, ALTURA CABINAS DE PEAJE",AUTOPISTA,2,-58.39257023,-34.57563957,AUTO,OBJETO FIJO
656,2021-0058,1,2021-07-21,0,AV. GRAL. PAZ Y VEDIA,GRAL PAZ,12,-58.48941042,-34.54596153,PEATON,AUTO
657,2021-0059,1,2021-07-22,1,"GARAY, JUAN DE AV. 2269",AVENIDA,3,-58.3964074,-34.62783085,AUTO,OBJETO FIJO
658,2021-0060,1,2021-07-22,12,"SALGUERO, JERONIMO Y RIVADAVIA AV.",AVENIDA,5,-58.41971993,-34.6111224,PEATON,PASAJEROS
659,2021-0061,1,2021-07-24,9,"MORENO, PERITO AV. Y ALCORTA, AMANCIO AV.",AVENIDA,4,-58.40544588,-34.65012801,PEATON,CARGAS
660,2021-0062,1,2021-07-27,7,LA PLATA AV. 2723,AVENIDA,4,-58.42003882,-34.64645957,AUTO,CARGAS
661,2021-0063,1,2021-08-02,4,"ALBERDI, JUAN BAUTISTA AV. 2906",AVENIDA,7,-58.46851293,-34.63348678,AUTO,AUTO
662,2021-0064,1,2021-08-02,20,"PAZ, GRAL. AV. Y TONELERO",GRAL PAZ,9,-58.52931141,-34.65422917,PEATON,CARGAS
663,2021-0065,1,2021-08-06,8,Av. SAN JUAN Y AV. LA PLATA,AVENIDA,6,-58.42675754,-34.6269973,PEATON,PASAJEROS
664,2021-0066,1,2021-08-06,20,Av. LOPE DE VEGA Y AV. GRAL. PAZ,AVENIDA,11,-58.52933723,-34.61098186,PEATON,PASAJEROS
665,2021-0067,1,2021-08-08,9,"AU FRONDIZI KM 2,9 (ALTURA BRASIL)",AUTOPISTA,1,-58.37910943,-34.62764718,MOTO,OBJETO FIJO
666,2021-0068,1,2021-08-15,6,"BEIRO, FRANCISCO AV. 5071",AVENIDA,11,-58.52161176,-34.61164474,MOTO,OBJETO FIJO
667,2021-0069,1,2021-08-20,17,AV. SANTA FE 3428,AVENIDA,14,-58.41354692,-34.5869768,PEATON,AUTO
668,2021-0070,1,2021-08-28,8,"CHILAVERT, MARTINIANO, CORONEL Y VARELA AV.",AVENIDA,8,-58.43960781,-34.65470804,MOTO,CARGAS
669,2021-0071,1,2021-08-31,16,SAN LUIS 2730,CALLE,3,-58.4045461,-34.60003693,PEATON,MOTO
670,2021-0072,1,2021-09-01,19,CALLAO AV. Y PARAGUAY,AVENIDA,2,-58.39303911,-34.59871111,PEATON,AUTO
671,2021-0073,1,2021-09-18,12,"DEL LIBERTADOR AV. Y AGOTE, LUIS DR.",AVENIDA,2,-58.39391034,-34.58405348,BICICLETA,AUTO
672,2021-0074,1,2021-09-20,15,"PAZ, GRAL. AV. Y BALBIN, RICARDO, DR. AV.",GRAL PAZ,12,-58.5007381,-34.5497951,MOTO,MULTIPLE
673,2021-0075,1,2021-09-21,14,SALTA Y BRASIL,CALLE,1,-58.38281301,-34.62786038,PEATON,CARGAS
674,2021-0076,1,2021-10-16,6,"MORENO, PERITO AV. 2152",AVENIDA,7,-58.43980799,-34.65094083,MOTO,OBJETO FIJO
675,2021-0077,1,2021-10-18,7,DIRECTORIO AV. 1169,AVENIDA,6,-58.44402387,-34.62933109,MOTO,CARGAS
676,2021-0078,1,2021-10-23,6,INDEPENDENCIA AV. Y LA PLATA AV.,AVENIDA,6,-58.42779702,-34.62207347,MOTO,PASAJEROS
677,2021-0079,1,2021-10-25,3,TUCUMAN 3112,CALLE,3,-58.40944147,-34.60097942,PEATON,AUTO
678,2021-0080,1,2021-10-28,16,ARENALES Y 9 DE JULIO AV.,AVENIDA,1,-58.38277479,-34.5943016,MOTO,AUTO
679,2021-0081,1,2021-11-02,13,AU FRONDIZI SUBIDA BRANDSEN,AUTOPISTA,4,-58.37627355,-34.63800916,MOTO,CARGAS
680,2021-0082,1,2021-11-06,4,AU 25 DE MAYO KM7 (ALTURA PASCO),AUTOPISTA,3,-58.39591856,-34.62453459,MOTO,AUTO
681,2021-0083,1,2021-11-09,0,CABILDO AV. Y OLAZABAL,AVENIDA,13,-58.45829717,-34.56015762,MOTO,AUTO
682,2021-0084,1,2021-11-11,3,TAPALQUE Y BRUIX AV.,AVENIDA,9,-58.49142611,-34.64584795,AUTO,OBJETO FIJO
683,2021-0085,1,2021-11-20,18,"PAZ, GRAL. AV. Y EZEIZA",GRAL PAZ,12,-58.51271409,-34.57786555,MOTO,OBJETO FIJO
684,2021-0086,1,2021-11-25,10,RIVADAVIA AV. Y PUAN,AVENIDA,6,-58.44864864,-34.62352826,PEATON,PASAJEROS
685,2021-0087,1,2021-11-27,11,ESMERALDA 1359,CALLE,1,-58.37795815,-34.59167894,PEATON,BICICLETA
686,2021-0088,1,2021-12-01,15,AV. MOROE Y 3 DE FEBRERO,CALLE,13,-58.45531707,-34.55555257,MOTO,AUTO
687,2021-0089,1,2021-12-02,1,AV. GAONA 3655,AVENIDA,11,-58.47633683,-34.62140594,MOTO,AUTO
688,2021-0090,1,2021-12-10,11,AV. 9 DE JULIO Y LAVALLE,AVENIDA,1,-58.38188582,-34.60256036,PEATON,PASAJEROS
689,2021-0091,1,2021-12-11,23,BAIGORRIA Y VICTOR HUGO,CALLE,10,-58.51989389,-34.62284918,MOTO,AUTO
690,2021-0092,1,2021-12-12,6,AV. RIVADAVIA Y AV. PUEYRREDON,AVENIDA,3,-58.4059686,-34.61011987,PEATON,AUTO
691,2021-0093,1,2021-12-13,17,AV. RIESTRA Y MOM,AVENIDA,7,-58.43353773,-34.64561636,MOTO,AUTO
692,2021-0094,1,2021-12-20,1,AU DELLEPIANE Y LACARRA,AUTOPISTA,9,-58.46739825,-34.65117757,MOTO,AUTO
693,2021-0095,1,2021-12-30,0,AV. GAONA Y TERRADA,AVENIDA,11,-58.47293407,-34.61984745,MOTO,CARGAS
694,2021-0096,1,2021-12-15,10,AV. EVA PERON 4071,AVENIDA,9,-58.47066794,-34.65021673,AUTO,CARGAS
695,2021-0097,1,2021-11-18,6,PADRE CARLOS MUJICA 709,CALLE,1,-58.37976155,-34.58679619,BICICLETA,AUTO
