,ID,Cantidad de victimas,Fecha,HH,Tipo De Calle,Comuna,Long,Lat,Vehiculo Acusado,ROL,Vehiculo Victima,Sexo,Edad
0,2016-0001,1,2016-01-01,4,AVENIDA,8,-58.47533969,-34.68757022,AUTO,CONDUCTOR,MOTO,MASCULINO,19
1,2016-0002,1,2016-01-02,1,GRAL PAZ,9,-58.50877521,-34.66977709,PASAJEROS,CONDUCTOR,AUTO,MASCULINO,70
2,2016-0003,1,2016-01-03,7,AVENIDA,1,-58.39040293,-34.63189362,AUTO,CONDUCTOR,MOTO,MASCULINO,30
3,2016-0004,1,2016-01-10,0,AVENIDA,8,-58.46503904,-34.68092974,SD,CONDUCTOR,MOTO,MASCULINO,18
4,2016-0005,1,2016-01-21,5,AVENIDA,1,-58.38718297,-34.6224663,PASAJEROS,CONDUCTOR,MOTO,MASCULINO,29
5,2016-0008,1,2016-01-24,18,AVENIDA,8,-58.44451316,-34.68475866,OBJETO FIJO,CONDUCTOR,MOTO,MASCULINO,30
6,2016-0009,1,2016-01-24,19,CALLE,11,-58.50095869,-34.6082544,AUTO,PASAJERO_ACOMPAÑANTE,MOTO,MASCULINO,29
7,2016-0010,1,2016-01-29,15,GRAL PAZ,9,-58.50877521,-34.66977709,AUTO,CONDUCTOR,MOTO,MASCULINO,18
8,2016-0012,1,2016-02-08,1,AVENIDA,1,-58.38048577,-34.61303893,CARGAS,CONDUCTOR,MOTO,MASCULINO,22
9,2016-0013,1,2016-02-10,11,AVENIDA,1,-58.39114932,-34.62477387,AUTO,PEATON,PEATON,MASCULINO,16
10,2016-0015,1,2016-02-14,5,AVENIDA,15,-58.4376002,-34.59912758,AUTO,PEATON,PEATON,FEMENINO,16
11,2016-0016,1,2016-02-14,22,AVENIDA,4,-58.36882665,-34.64291993,AUTO,PASAJERO_ACOMPAÑANTE,MOTO,FEMENINO,19
12,2016-0017,1,2016-02-15,16,AVENIDA,8,-58.44989671,-34.65970435,MOTO,PEATON,PEATON,MASCULINO,59
13,2016-0019,1,2016-02-17,9,CALLE,9,-58.50990884,-34.65468721,PASAJEROS,PEATON,PEATON,FEMENINO,65
14,2016-0020,1,2016-02-17,16,CALLE,1,-58.37952223,-34.60653282,AUTO,PEATON,PEATON,MASCULINO,59
15,2016-0021,1,2016-02-17,23,AVENIDA,7,-58.45157703,-34.63063795,AUTO,CONDUCTOR,AUTO,MASCULINO,34
16,2016-0022,1,2016-02-21,6,AVENIDA,1,-58.38144696,-34.61079875,AUTO,PASAJERO_ACOMPAÑANTE,MOTO,MASCULINO,41
17,2016-0025,1,2016-02-28,4,GRAL PAZ,8,-58.46244952,-34.70524971,AUTO,PASAJERO_ACOMPAÑANTE,AUTO,MASCULINO,34
18,2016-0026,1,2016-02-28,7,CALLE,12,-58.49216191,-34.54738649,OBJETO FIJO,CONDUCTOR,AUTO,MASCULINO,30
19,2016-0027,1,2016-02-28,9,AVENIDA,7,-58.44497874,-34.63852623,AUTO,PASAJERO_ACOMPAÑANTE,AUTO,MASCULINO,34
20,2016-0028,1,2016-03-02,10,AVENIDA,1,-58.38199706,-34.60028648,CARGAS,PEATON,PEATON,MASCULINO,50
21,2016-0029,1,2016-03-04,17,AVENIDA,12,-58.47378664,-34.54153077,PASAJEROS,PEATON,PEATON,MASCULINO,38
22,2016-0031,1,2016-03-08,12,GRAL PAZ,8,-58.47064556,-34.69843756,PASAJEROS,CONDUCTOR,MOTO,MASCULINO,21
23,2016-0034,1,2016-03-12,12,AVENIDA,4,-58.40623949,-34.65076549,PASAJEROS,PEATON,PEATON,MASCULINO,52
24,2016-0035,1,2016-03-13,6,AVENIDA,3,-58.39228965,-34.60443527,PASAJEROS,CONDUCTOR,MOTO,MASCULINO,34
25,2016-0036,1,2016-03-14,0,CALLE,4,-58.37813396,-34.63668504,PASAJEROS,PASAJERO_ACOMPAÑANTE,MOTO,MASCULINO,36
26,2016-0037,1,2016-03-19,11,AVENIDA,7,-58.46275892,-34.64358293,MOTO,CONDUCTOR,MOTO,MASCULINO,20
27,2016-0038,1,2016-03-21,8,GRAL PAZ,8,-58.49683458,-34.67892743,PASAJEROS,PEATON,PEATON,MASCULINO,29
28,2016-0039,1,2016-03-23,1,AVENIDA,3,-58.40603217,-34.6088396,PASAJEROS,CONDUCTOR,MOTO,MASCULINO,20
29,2016-0041,2,2016-03-29,11,AVENIDA,7,-58.4607655,-34.63350444,CARGAS,CONDUCTOR,MOTO,MASCULINO,54
30,2016-0041,2,2016-03-29,11,AVENIDA,7,-58.4607655,-34.63350444,CARGAS,PASAJERO_ACOMPAÑANTE,MOTO,MASCULINO,0
31,2016-0043,1,2016-03-30,18,AVENIDA,8,-58.47832463,-34.67494416,CARGAS,PEATON,PEATON,FEMENINO,56
32,2016-0044,1,2016-03-31,19,AVENIDA,7,-58.43213235,-34.63693953,MULTIPLE,CONDUCTOR,MOTO,MASCULINO,24
33,2016-0045,1,2016-04-11,10,GRAL PAZ,13,-58.46743471,-34.53476874,SD,CONDUCTOR,MOTO,MASCULINO,0
34,2016-0047,1,2016-04-15,5,CALLE,1,-58.38247061,-34.62571878,PASAJEROS,PEATON,PEATON,MASCULINO,41
35,2016-0048,1,2016-04-15,17,AVENIDA,15,-58.44759966,-34.5917024,PASAJEROS,PEATON,PEATON,FEMENINO,0
36,2016-0049,1,2016-04-17,0,AUTOPISTA,4,-58.37714647568196,-34.63657525428238,SD,SD,SD,SD,0
37,2016-0050,1,2016-04-19,9,AVENIDA,8,-58.47305463,-34.68550712,PASAJEROS,PEATON,PEATON,MASCULINO,78
38,2016-0051,1,2016-04-20,4,AVENIDA,4,-58.40623949,-34.65076549,CARGAS,CONDUCTOR,MOTO,MASCULINO,36
39,2016-0053,1,2016-04-22,9,AVENIDA,12,-58.4842918,-34.57558053,PASAJEROS,PEATON,PEATON,MASCULINO,38
40,2016-0054,1,2016-04-23,21,AUTOPISTA,8,-58.48695354,-34.68795245,MOTO,CONDUCTOR,MOTO,MASCULINO,30
41,2016-0055,1,2016-04-25,20,AVENIDA,14,-58.40021959,-34.57964781,CARGAS,PEATON,PEATON,MASCULINO,79
42,2016-0056,1,2016-04-26,4,AVENIDA,14,-58.42957885,-34.57660058,OBJETO FIJO,CONDUCTOR,MOTO,MASCULINO,26
43,2016-0058,1,2016-05-04,14,CALLE,1,-58.38247542,-34.62556293,MOTO,PEATON,PEATON,FEMENINO,57
44,2016-0059,1,2016-05-08,16,CALLE,1,-58.38222219,-34.62728101,PASAJEROS,PEATON,PEATON,MASCULINO,37
45,2016-0064,1,2016-05-14,18,AVENIDA,10,-58.49485242,-34.62953445,PASAJEROS,PEATON,PEATON,MASCULINO,20
46,2016-0065,1,2016-05-20,14,AVENIDA,6,-58.45227946,-34.61068024,AUTO,PEATON,PEATON,MASCULINO,20
47,2016-0067,1,2016-05-21,17,AVENIDA,8,-58.48455411,-34.6751276,PASAJEROS,PASAJERO_ACOMPAÑANTE,MOTO,FEMENINO,30
48,2016-0068,1,2016-05-22,22,AVENIDA,2,-58.39056593,-34.58418569,PASAJEROS,CONDUCTOR,MOTO,MASCULINO,58
49,2016-0069,1,2016-05-23,3,AVENIDA,3,-58.39118948,-34.62704273,CARGAS,CONDUCTOR,AUTO,MASCULINO,30
50,2016-0073,1,2016-06-11,15,CALLE,10,-58.49021952,-34.62025108,CARGAS,CONDUCTOR,MOTO,MASCULINO,23
51,2016-0074,1,2016-06-12,6,GRAL PAZ,8,-58.49896559,-34.67732118,AUTO,CONDUCTOR,AUTO,MASCULINO,60
52,2016-0075,1,2016-06-12,23,AUTOPISTA,8,-58.47461076,-34.66874679,AUTO,PEATON,PEATON,MASCULINO,42
53,2016-0076,1,2016-06-13,16,AVENIDA,15,-58.46210891,-34.60356211,PASAJEROS,PEATON,PEATON,FEMENINO,53
54,2016-0077,1,2016-06-13,21,AVENIDA,1,-58.3702777,-34.60536123,PASAJEROS,PEATON,PEATON,FEMENINO,0
55,2016-0078,1,2016-06-13,23,AVENIDA,3,-58.40491455,-34.6146383,MOTO,CONDUCTOR,MOTO,MASCULINO,30
56,2016-0079,1,2016-06-16,17,AVENIDA,13,-58.45504154,-34.54864492,AUTO,CONDUCTOR,AUTO,FEMENINO,51
57,2016-0080,1,2016-06-18,6,GRAL PAZ,9,-58.52927982,-34.63931752,SD,CONDUCTOR,AUTO,MASCULINO,60
58,2016-0081,1,2016-06-22,7,AVENIDA,12,-58.4872106,-34.55904606,AUTO,CONDUCTOR,MOTO,MASCULINO,40
59,2016-0082,1,2016-06-27,18,AVENIDA,4,-58.42273092,-34.64228803,AUTO,PEATON,PEATON,MASCULINO,87
60,2016-0083,1,2016-06-28,20,AVENIDA,6,-58.44788671,-34.62539009,MOTO,PEATON,PEATON,FEMENINO,76
61,2016-0084,1,2016-06-29,22,CALLE,1,-58.38110563,-34.60135531,PASAJEROS,PEATON,PEATON,MASCULINO,57
62,2016-0085,1,2016-06-29,22,AVENIDA,4,-58.42378834,-34.657341,OTRO,SD,MOTO,MASCULINO,0
63,2016-0086,1,2016-06-30,16,AVENIDA,10,-58.48727942,-34.63652467,PASAJEROS,PEATON,PEATON,MASCULINO,75
64,2016-0087,1,2016-07-02,0,AUTOPISTA,1,-58.37864583,-34.62907067,OBJETO FIJO,CONDUCTOR,MOTO,MASCULINO,23
65,2016-0088,1,2016-07-11,15,CALLE,12,-58.5015175,-34.56767549,AUTO,PEATON,PEATON,FEMENINO,70
66,2016-0089,1,2016-07-14,6,AUTOPISTA,13,-58.43233425,-34.55185825,AUTO,PEATON,PEATON,MASCULINO,35
67,2016-0090,1,2016-07-14,22,AVENIDA,5,-58.41971993,-34.6111224,PASAJEROS,PEATON,PEATON,MASCULINO,60
68,2016-0092,1,2016-07-15,11,GRAL PAZ,13,-58.46743471,-34.53476874,CARGAS,CONDUCTOR,MOTO,MASCULINO,24
69,2016-0093,1,2016-07-17,3,AVENIDA,6,-58.44362126,-34.62301748,AUTO,CONDUCTOR,AUTO,MASCULINO,35
70,2016-0095,1,2016-07-23,6,AVENIDA,11,-58.51713095,-34.59546519,AUTO,CONDUCTOR,MOTO,MASCULINO,29
71,2016-0096,1,2016-07-25,7,AUTOPISTA,8,-58.47433193007387,-34.66684950051973,CARGAS,CONDUCTOR,MOTO,MASCULINO,0
72,2016-0097,1,2016-07-26,18,CALLE,1,-58.39038605,-34.6156281,AUTO,PEATON,PEATON,MASCULINO,80
73,2016-0098,1,2016-07-27,16,AVENIDA,3,-58.40042405,-34.62356174,CARGAS,CONDUCTOR,MOTO,FEMENINO,43
74,2016-0099,1,2016-07-29,16,GRAL PAZ,11,-58.52340614,-34.59798754,CARGAS,CONDUCTOR,CARGAS,MASCULINO,45
75,2016-0100,1,2016-08-03,23,GRAL PAZ,12,-58.49491054,-34.54795581,OBJETO FIJO,CONDUCTOR,MOTO,MASCULINO,57
76,2016-0101,1,2016-08-07,19,GRAL PAZ,9,-58.52932872,-34.65014993,SD,SD,SD,MASCULINO,67
77,2016-0102,1,2016-08-10,23,AVENIDA,9,-58.50011639,-34.67316502,CARGAS,CONDUCTOR,MOTO,MASCULINO,29
78,2016-0104,1,2016-08-14,21,AVENIDA,9,-58.46635001,-34.65624369,PASAJEROS,CONDUCTOR,MOTO,MASCULINO,21
79,2016-0105,1,2016-08-17,0,AVENIDA,15,-58.45343236,-34.58435809,PASAJEROS,PEATON,PEATON,MASCULINO,19
80,2016-0106,1,2016-08-19,21,AVENIDA,1,-58.38090932,-34.58927731,PASAJEROS,PEATON,PEATON,MASCULINO,38
81,2016-0107,1,2016-08-20,8,AUTOPISTA,4,-58.37157668,-34.65429986,AUTO,CONDUCTOR,MOTO,MASCULINO,21
82,2016-0109,1,2016-08-24,5,AUTOPISTA,9,-58.52280139,-34.63659934,OBJETO FIJO,CONDUCTOR,AUTO,FEMENINO,53
83,2016-0110,1,2016-08-24,20,AVENIDA,9,-58.51232237,-34.6590353,SD,PEATON,PEATON,MASCULINO,57
84,2016-0111,1,2016-08-25,9,AUTOPISTA,15,-58.47461905,-34.57663634,CARGAS,CONDUCTOR,MOTO,MASCULINO,27
85,2016-0112,1,2016-08-27,4,AUTOPISTA,1,-58.38268809,-34.62282019,OBJETO FIJO,CONDUCTOR,MOTO,MASCULINO,24
86,2016-0113,1,2016-08-27,16,AVENIDA,9,-58.49603546,-34.64564271,PASAJEROS,PEATON,PEATON,FEMENINO,60
87,2016-0114,1,2016-08-31,11,CALLE,14,-58.41848605,-34.59394733,CARGAS,CICLISTA,BICICLETA,FEMENINO,55
88,2016-0115,1,2016-09-02,11,CALLE,12,-58.48935041,-34.54917673,CARGAS,SD,SD,MASCULINO,0
89,2016-0116,1,2016-09-02,20,AVENIDA,8,-58.44451316,-34.68475866,AUTO,CONDUCTOR,MOTO,MASCULINO,30
90,2016-0117,1,2016-09-03,15,AVENIDA,14,-58.39936478,-34.58271474,AUTO,CONDUCTOR,AUTO,MASCULINO,43
91,2016-0118,1,2016-09-04,3,AUTOPISTA,1,-58.37936704,-34.62694503,AUTO,CONDUCTOR,AUTO,MASCULINO,27
92,2016-0119,1,2016-09-04,6,AVENIDA,12,-58.49659234,-34.56353635,SD,PASAJERO_ACOMPAÑANTE,SD,FEMENINO,0
93,2016-0122,1,2016-09-13,7,AVENIDA,9,-58.47256391,-34.65194557,PASAJEROS,CICLISTA,BICICLETA,MASCULINO,49
94,2016-0123,1,2016-09-14,9,AVENIDA,7,-58.45130953,-34.64053676,AUTO,CONDUCTOR,MOTO,FEMENINO,58
95,2016-0124,1,2016-09-16,15,AVENIDA,7,-58.46271207,-34.62884871,PASAJEROS,PEATON,PEATON,MASCULINO,67
96,2016-0125,1,2016-09-17,12,AUTOPISTA,10,-58.49020869,-34.64243791,MOTO,CONDUCTOR,MOTO,MASCULINO,30
97,2016-0126,2,2016-09-18,22,CALLE,10,-58.52572109,-34.62125906,CARGAS,CONDUCTOR,AUTO,MASCULINO,37
98,2016-0126,2,2016-09-18,22,CALLE,10,-58.52572109,-34.62125906,CARGAS,PASAJERO_ACOMPAÑANTE,AUTO,MASCULINO,60
99,2016-0127,1,2016-09-24,10,AVENIDA,8,-58.44094791,-34.66677111,PASAJEROS,PEATON,PEATON,MASCULINO,50
100,2016-0128,1,2016-10-02,11,AVENIDA,5,-58.41914024,-34.6305389,PASAJEROS,PEATON,PEATON,FEMENINO,81
101,2016-0130,1,2016-10-04,12,AUTOPISTA,1,-58.37910942,-34.62764717,CARGAS,CONDUCTOR,MOTO,MASCULINO,29
102,2016-0131,1,2016-10-09,19,CALLE,4,-58.39871183,-34.64539318,AUTO,PEATON,PEATON,MASCULINO,35
103,2016-0132,1,2016-10-10,2,AVENIDA,3,-58.41036975,-34.62477021,PASAJEROS,PASAJERO_ACOMPAÑANTE,AUTO,MASCULINO,30
104,2016-0133,1,2016-10-14,0,AVENIDA,14,-58.40204698,-34.5834269,AUTO,CONDUCTOR,MOTO,MASCULINO,41
105,2016-0134,1,2016-10-23,5,AVENIDA,8,-58.48935287,-34.67648597,OBJETO FIJO,CONDUCTOR,MOTO,MASCULINO,25
106,2016-0135,1,2016-10-24,5,AVENIDA,14,-58.42260225,-34.56403694,SD,PEATON,PEATON,MASCULINO,29
107,2016-0137,1,2016-10-25,0,AVENIDA,11,-58.51537091,-34.59035925,MOTO,CONDUCTOR,MOTO,MASCULINO,30
108,2016-0138,1,2016-10-27,20,AVENIDA,13,-58.4590967,-34.55922742,CARGAS,CICLISTA,BICICLETA,FEMENINO,33
109,2016-0139,1,2016-10-28,23,AVENIDA,14,-58.42008769,-34.56539579,MOTO,PASAJERO_ACOMPAÑANTE,MOTO,FEMENINO,35
110,2016-0140,1,2016-10-31,2,AVENIDA,13,-58.45566399,-34.56147293,PASAJEROS,PASAJERO_ACOMPAÑANTE,PASAJEROS,MASCULINO,20
111,2016-0142,1,2016-11-05,23,AVENIDA,1,-58.37533517,-34.59276462,PASAJEROS,CONDUCTOR,MOTO,MASCULINO,46
112,2016-0143,1,2016-11-06,4,AVENIDA,8,-58.44451316,-34.68475866,SD,CONDUCTOR,MOTO,MASCULINO,35
113,2016-0144,1,2016-11-07,12,AVENIDA,4,-58.35975012,-34.63343907,PASAJEROS,PEATON,PEATON,MASCULINO,83
114,2016-0145,1,2016-11-07,20,AVENIDA,13,-58.44523595,-34.55953855,AUTO,CONDUCTOR,MOTO,MASCULINO,39
115,2016-0146,1,2016-11-09,20,AVENIDA,4,-58.39626094,-34.63036565,PASAJEROS,PEATON,PEATON,FEMENINO,29
116,2016-0147,1,2016-11-16,21,AVENIDA,1,-58.38896772,-34.61799615,PASAJEROS,PASAJERO_ACOMPAÑANTE,MOVIL,MASCULINO,55
117,2016-0148,1,2016-11-16,22,AVENIDA,15,-58.46536113,-34.59484504,MOTO,CONDUCTOR,MOTO,MASCULINO,0
118,2016-0150,1,2016-11-18,18,AVENIDA,4,-58.40879146,-34.65273216,CARGAS,PASAJERO_ACOMPAÑANTE,CARGAS,MASCULINO,41
119,2016-0152,1,2016-11-23,21,AVENIDA,7,-58.46451841,-34.64991946,AUTO,CONDUCTOR,MOTO,MASCULINO,42
120,2016-0153,1,2016-11-25,15,AVENIDA,15,-58.4291709,-34.59485488,MOTO,PEATON,PEATON,FEMENINO,83
121,2016-0154,1,2016-11-26,14,GRAL PAZ,8,-58.49007772,-34.68251141,MOTO,CONDUCTOR,MOTO,MASCULINO,38
122,2016-0155,1,2016-11-26,16,CALLE,10,-58.52756365,-34.62772274,AUTO,PEATON,PEATON,FEMENINO,29
123,2016-0156,1,2016-11-26,19,AVENIDA,3,-58.40638983,-34.61943202,PASAJEROS,CONDUCTOR,MOTO,MASCULINO,23
124,2016-0157,1,2016-12-03,6,AVENIDA,11,-58.47576807,-34.61740997,MOTO,CONDUCTOR,MOTO,MASCULINO,23
125,2016-0159,1,2016-12-04,7,AVENIDA,8,-58.44451316,-34.68475866,SD,CONDUCTOR,AUTO,MASCULINO,23
126,2016-0160,1,2016-12-06,5,AUTOPISTA,9,-58.51927194,-34.63635787,OBJETO FIJO,CONDUCTOR,CARGAS,MASCULINO,29
127,2016-0161,1,2016-12-06,7,AVENIDA,14,-58.42525456,-34.57866344,PASAJEROS,PEATON,PEATON,MASCULINO,50
128,2016-0162,1,2016-12-07,5,AVENIDA,15,-58.45396573,-34.58518167,AUTO,PEATON,PEATON,MASCULINO,38
129,2016-0163,1,2016-12-10,7,GRAL PAZ,11,-58.52340614,-34.59798754,AUTO,CONDUCTOR,MOTO,MASCULINO,23
130,2016-0164,1,2016-12-11,6,AVENIDA,4,-58.42323628,-34.64119105,AUTO,CONDUCTOR,AUTO,MASCULINO,29
131,2016-0165,1,2016-12-12,8,AVENIDA,4,-58.36926144,-34.62841919,PASAJEROS,CICLISTA,BICICLETA,MASCULINO,37
132,2016-0168,1,2016-12-13,10,AVENIDA,4,-58.42323628,-34.64119105,AUTO,CONDUCTOR,MOTO,MASCULINO,43
133,2016-0169,1,2016-12-15,15,AVENIDA,12,-58.47935434,-34.55676497,PASAJEROS,CONDUCTOR,MOTO,MASCULINO,24
134,2016-0170,1,2016-12-19,17,GRAL PAZ,12,-58.50598256,-34.5637998,AUTO,PASAJERO_ACOMPAÑANTE,MOTO,MASCULINO,21
135,2016-0171,1,2016-12-25,19,AUTOPISTA,1,-58.36607137,-34.62150748,MOTO,CONDUCTOR,MOTO,SD,0
136,2016-0172,1,2016-12-26,8,AVENIDA,5,-58.41918902,-34.63174259,CARGAS,CONDUCTOR,MOTO,MASCULINO,38
137,2016-0173,1,2016-12-26,19,AVENIDA,7,-58.46749188,-34.63551751,CARGAS,CONDUCTOR,MOTO,MASCULINO,35
138,2016-0175,1,2016-12-27,8,CALLE,7,-58.46064174,-34.62960517,BICICLETA,PEATON,PEATON,FEMENINO,0
139,2016-0176,1,2016-12-28,1,AVENIDA,1,-58.36956186,-34.61232875,PASAJEROS,CONDUCTOR,MOTO,MASCULINO,28
140,2016-0177,1,2016-12-29,4,CALLE,14,-58.40966671,-34.58788235,AUTO,PEATON,PEATON,FEMENINO,27
141,2016-0178,1,2016-12-30,16,CALLE,3,-58.40288226,-34.61544091,MULTIPLE,PEATON,PEATON,FEMENINO,7
142,2017-0001,1,2017-01-02,1,AVENIDA,11,-58.4659423,-34.61028571,CARGAS,CONDUCTOR,MOTO,MASCULINO,18
143,2017-0003,1,2017-01-05,3,AVENIDA,4,-58.38957669,-34.64410277,CARGAS,PASAJERO_ACOMPAÑANTE,CARGAS,MASCULINO,33
144,2017-0007,1,2017-01-11,17,CALLE,1,-58.3816166,-34.61529543,MULTIPLE,PEATON,PEATON,MASCULINO,48
145,2017-0008,1,2017-01-16,0,CALLE,14,-58.43917004,-34.58494351,PASAJEROS,CONDUCTOR,MOTO,MASCULINO,29
146,2017-0009,1,2017-01-16,13,AUTOPISTA,5,-58.41595919,-34.62743346,CARGAS,CONDUCTOR,MOTO,MASCULINO,36
147,2017-0010,1,2017-01-16,16,AVENIDA,6,-58.4356488,-34.62828656,AUTO,CONDUCTOR,MOTO,MASCULINO,23
148,2017-0011,1,2017-01-22,2,GRAL PAZ,12,-58.5007381,-34.5497951,OBJETO FIJO,PASAJERO_ACOMPAÑANTE,MOTO,FEMENINO,29
149,2017-0012,1,2017-01-24,14,CALLE,4,-58.40969005,-34.6505529,CARGAS,CONDUCTOR,MOTO,MASCULINO,30
150,2017-0013,1,2017-01-27,7,AVENIDA,4,-58.38972622,-34.65098981,CARGAS,PEATON,PEATON,MASCULINO,4
151,2017-0014,1,2017-01-28,8,AVENIDA,12,-58.49185972,-34.55046754,MULTIPLE,PASAJERO_ACOMPAÑANTE,MOTO,FEMENINO,22
152,2017-0015,1,2017-02-02,15,AVENIDA,2,-58.39293417,-34.59963642,AUTO,PEATON,PEATON,MASCULINO,82
153,2017-0016,1,2017-02-03,5,AUTOPISTA,1,-58.38099494,-34.62288231,CARGAS,CONDUCTOR,MOTO,MASCULINO,27
154,2017-0017,1,2017-02-06,8,AVENIDA,14,-58.429012,-34.58095431,AUTO,CONDUCTOR,MOTO,MASCULINO,32
155,2017-0018,1,2017-02-09,7,GRAL PAZ,9,-58.50877521,-34.66977709,AUTO,CONDUCTOR,MOTO,MASCULINO,30
156,2017-0021,1,2017-02-18,5,CALLE,1,-58.38362373,-34.60509972,PASAJEROS,CONDUCTOR,MOTO,MASCULINO,43
157,2017-0024,1,2017-02-23,20,AVENIDA,7,-58.46589308,-34.62955795,PASAJEROS,PEATON,PEATON,MASCULINO,39
158,2017-0025,1,2017-02-24,17,AVENIDA,7,-58.43614426,-34.6542464,SD,CONDUCTOR,MOTO,MASCULINO,23
159,2017-0026,2,2017-02-26,5,AVENIDA,4,-58.41842777,-34.64979057,OBJETO FIJO,PASAJERO_ACOMPAÑANTE,AUTO,FEMENINO,23
160,2017-0026,2,2017-02-26,5,AVENIDA,4,-58.41842777,-34.64979057,OBJETO FIJO,CONDUCTOR,AUTO,MASCULINO,19
161,2017-0027,1,2017-02-26,21,AVENIDA,1,-58.38332245,-34.6319325,AUTO,PEATON,PEATON,MASCULINO,0
162,2017-0028,1,2017-02-28,9,AVENIDA,6,-58.45475488,-34.61196327,AUTO,PEATON,PEATON,MASCULINO,87
163,2017-0029,1,2017-03-07,2,CALLE,9,-58.48501341,-34.64742455,AUTO,SD,SD,MASCULINO,34
164,2017-0030,1,2017-03-07,8,AVENIDA,9,-58.47010988,-34.65872088,PASAJEROS,CONDUCTOR,AUTO,FEMENINO,27
165,2017-0031,1,2017-03-11,1,CALLE,3,-58.4099756,-34.62873635,OBJETO FIJO,PASAJERO_ACOMPAÑANTE,AUTO,MASCULINO,70
166,2017-0032,1,2017-03-12,5,GRAL PAZ,8,-58.48892175,-34.68359163,AUTO,PASAJERO_ACOMPAÑANTE,AUTO,FEMENINO,40
167,2017-0033,1,2017-03-12,7,GRAL PAZ,11,-58.52466448,-34.60325478,AUTO,CONDUCTOR,AUTO,MASCULINO,28
168,2017-0034,1,2017-03-13,7,CALLE,14,-58.42554218,-34.57929036,AUTO,PEATON,PEATON,MASCULINO,43
169,2017-0035,3,2017-03-23,5,AVENIDA,1,-58.35881506,-34.61113641,OBJETO FIJO,CONDUCTOR,AUTO,MASCULINO,28
170,2017-0035,3,2017-03-23,5,AVENIDA,1,-58.35881506,-34.61113641,OBJETO FIJO,PASAJERO_ACOMPAÑANTE,AUTO,MASCULINO,32
171,2017-0035,3,2017-03-23,5,AVENIDA,1,-58.35881506,-34.61113641,OBJETO FIJO,PASAJERO_ACOMPAÑANTE,AUTO,MASCULINO,30
172,2017-0036,2,2017-03-29,18,GRAL PAZ,12,-58.51452347,-34.58159762,PASAJEROS,PASAJERO_ACOMPAÑANTE,MOTO,FEMENINO,0
173,2017-0036,2,2017-03-29,18,GRAL PAZ,12,-58.51452347,-34.58159762,PASAJEROS,CONDUCTOR,MOTO,MASCULINO,20
174,2017-0037,1,2017-03-31,3,AVENIDA,1,-58.38896772,-34.61799615,CARGAS,CONDUCTOR,MOTO,MASCULINO,41
175,2017-0038,1,2017-04-01,19,AVENIDA,7,-58.44516857,-34.64363363,AUTO,CONDUCTOR,MOTO,FEMENINO,40
176,2017-0040,1,2017-04-03,9,AVENIDA,13,-58.43834197,-34.54560369,MULTIPLE,CONDUCTOR,AUTO,MASCULINO,43
177,2017-0041,1,2017-04-03,23,CALLE,7,-58.45485084,-34.63531854,AUTO,CONDUCTOR,MOTO,MASCULINO,17
178,2017-0045,1,2017-04-14,6,CALLE,10,-58.52449285,-34.62454175,OBJETO FIJO,CONDUCTOR,MOTO,MASCULINO,21
179,2017-0047,1,2017-04-23,6,AVENIDA,8,-58.46713742,-34.6719879,AUTO,CONDUCTOR,MOTO,MASCULINO,37
180,2017-0049,1,2017-04-27,18,AVENIDA,8,-58.43850413,-34.65554754,PASAJEROS,PEATON,PEATON,MASCULINO,22
181,2017-0052,1,2017-05-05,3,GRAL PAZ,8,-58.49413799,-34.68095739,CARGAS,PEATON,PEATON,FEMENINO,47
182,2017-0053,1,2017-05-05,20,CALLE,4,-58.37547846,-34.65326075,CARGAS,CONDUCTOR,MOTO,MASCULINO,28
183,2017-0054,1,2017-05-07,21,AVENIDA,15,-58.48680218,-34.58689719,AUTO,PASAJERO_ACOMPAÑANTE,MOTO,FEMENINO,20
184,2017-0055,1,2017-05-09,8,AVENIDA,12,-58.49563989,-34.57962262,AUTO,CONDUCTOR,AUTO,MASCULINO,32
185,2017-0058,1,2017-05-09,23,AVENIDA,1,-58.38403232,-34.5991594,MOTO,PEATON,PEATON,MASCULINO,80
186,2017-0059,1,2017-05-11,9,CALLE,1,-58.38223382,-34.62693865,PASAJEROS,PEATON,PEATON,FEMENINO,39
187,2017-0060,1,2017-05-13,7,AVENIDA,8,-58.45966521,-34.67323292,OBJETO FIJO,PASAJERO_ACOMPAÑANTE,MOTO,MASCULINO,30
188,2017-0061,1,2017-05-15,13,AVENIDA,2,-58.39303911,-34.59871111,MOTO,PEATON,PEATON,MASCULINO,47
189,2017-0062,1,2017-05-15,16,AVENIDA,10,-58.51262106,-34.63395999,CARGAS,CONDUCTOR,MOTO,MASCULINO,35
190,2017-0063,1,2017-05-17,10,AVENIDA,1,-58.38118367,-34.61646839,PASAJEROS,PEATON,PEATON,FEMENINO,79
191,2017-0064,1,2017-05-20,5,CALLE,1,-58.37653284,-34.60582475,AUTO,PASAJERO_ACOMPAÑANTE,CARGAS,MASCULINO,61
192,2017-0065,1,2017-05-22,16,AVENIDA,4,-58.37709334,-34.64035082,CARGAS,CICLISTA,BICICLETA,MASCULINO,21
193,2017-0066,1,2017-05-22,18,AVENIDA,15,-58.46002142,-34.60409469,PASAJEROS,PEATON,PEATON,MASCULINO,10
194,2017-0067,1,2017-05-23,2,AVENIDA,6,-58.4338197,-34.62801894,CARGAS,CONDUCTOR,MOTO,MASCULINO,21
195,2017-0068,1,2017-05-27,19,AVENIDA,8,-58.43580656,-34.66437532,OBJETO FIJO,CONDUCTOR,MOTO,MASCULINO,32
196,2017-0069,1,2017-05-24,14,GRAL PAZ,9,-58.52173071,-34.65997463,SD,CONDUCTOR,MOTO,MASCULINO,39
197,2017-0070,1,2017-05-30,13,CALLE,11,-58.50791763,-34.59804273,AUTO,PEATON,PEATON,MASCULINO,80
198,2017-0072,1,2017-06-03,23,AVENIDA,12,-58.49175088,-34.58226957,AUTO,CONDUCTOR,AUTO,MASCULINO,25
199,2017-0073,1,2017-06-04,9,AVENIDA,3,-58.40781467,-34.60425669,AUTO,CONDUCTOR,MOTO,MASCULINO,19
200,2017-0074,1,2017-06-04,12,CALLE,9,-58.52567073,-34.63787791,SD,SD,SD,MASCULINO,70
201,2017-0075,1,2017-06-12,22,AVENIDA,1,-58.381542,-34.60906385,MOTO,PEATON,PEATON,MASCULINO,55
202,2017-0076,1,2017-06-13,14,AVENIDA,2,-58.38526125,-34.5780581,CARGAS,PEATON,PEATON,FEMENINO,30
203,2017-0077,1,2017-06-17,23,CALLE,14,-58.42934104,-34.58451712,CARGAS,CONDUCTOR,MOTO,FEMENINO,60
204,2017-0079,1,2017-06-19,16,CALLE,3,-58.40657493,-34.61781124,CARGAS,CONDUCTOR,MOTO,MASCULINO,33
205,2017-0080,1,2017-06-22,10,AVENIDA,9,-58.49525314,-34.64487785,CARGAS,PEATON,PEATON,FEMENINO,95
206,2017-0082,1,2017-06-25,22,AVENIDA,4,-58.39092851,-34.62932696,AUTO,PEATON,PEATON,MASCULINO,36
207,2017-0083,1,2017-07-04,0,AVENIDA,9,-58.49603546,-34.64564271,CARGAS,CONDUCTOR,MOTO,MASCULINO,37
208,2017-0084,1,2017-07-05,12,AVENIDA,2,-58.38502878,-34.58703485,PASAJEROS,PEATON,PEATON,FEMENINO,73
209,2017-0085,1,2017-07-07,14,AVENIDA,4,-58.37261143,-34.63150425,PASAJEROS,PEATON,PEATON,MASCULINO,84
210,2017-0086,1,2017-07-09,7,AVENIDA,9,-58.51876802,-34.63905965,MOTO,PEATON,PEATON,FEMENINO,30
211,2017-0087,1,2017-07-10,10,CALLE,3,-58.41095567,-34.61516101,AUTO,PEATON,PEATON,FEMENINO,73
212,2017-0088,1,2017-07-10,22,AVENIDA,1,-58.36797542,-34.62519403,PASAJEROS,PEATON,PEATON,MASCULINO,43
213,2017-0089,1,2017-07-13,12,CALLE,9,-58.51514709,-34.64787051,AUTO,SD,SD,MASCULINO,23
214,2017-0090,1,2017-07-15,5,GRAL PAZ,11,-58.51925642,-34.59171721,AUTO,PEATON,PEATON,MASCULINO,22
215,2017-0091,1,2017-07-15,13,GRAL PAZ,12,-58.48671535,-34.54321216,SD,CONDUCTOR,MOTO,MASCULINO,58
216,2017-0092,1,2017-07-24,22,AUTOPISTA,1,-58.38268809,-34.62282019,AUTO,PEATON,PEATON,MASCULINO,66
217,2017-0093,1,2017-07-25,16,AUTOPISTA,13,-58.43633522,-34.54966288,AUTO,PEATON,PEATON,MASCULINO,0
218,2017-0094,1,2017-07-27,8,CALLE,10,-58.52640838,-34.61765855,CARGAS,CICLISTA,BICICLETA,FEMENINO,56
219,2017-0095,1,2017-08-06,8,AVENIDA,14,-58.41894306,-34.59778875,AUTO,CONDUCTOR,MOTO,MASCULINO,36
220,2017-0096,1,2017-08-07,19,AVENIDA,13,-58.46756026,-34.54972741,PASAJEROS,PEATON,PEATON,MASCULINO,87
221,2017-0098,1,2017-08-08,12,CALLE,7,-58.45715752,-34.63132912,AUTO,PEATON,PEATON,FEMENINO,61
222,2017-0099,1,2017-08-17,19,AVENIDA,14,-58.42406784,-34.56213916,AUTO,CICLISTA,BICICLETA,MASCULINO,28
223,2017-0100,1,2017-08-21,7,CALLE,3,-58.3967447,-34.61512051,OBJETO FIJO,PASAJERO_ACOMPAÑANTE,MOTO,FEMENINO,16
224,2017-0101,1,2017-08-23,10,AVENIDA,13,-58.44537508,-34.57084818,MULTIPLE,PEATON,PEATON,FEMENINO,61
225,2017-0102,1,2017-08-24,1,AVENIDA,4,-58.40056767,-34.6510708,CARGAS,PEATON,PEATON,MASCULINO,46
226,2017-0104,1,2017-08-25,9,AVENIDA,1,-58.38109568,-34.61853244,CARGAS,PEATON,PEATON,FEMENINO,18
227,2017-0106,1,2017-08-31,19,CALLE,14,-58.42533612,-34.58035258,PASAJEROS,PEATON,PEATON,FEMENINO,85
228,2017-0107,1,2017-09-01,11,AVENIDA,13,-58.46062311,-34.54395182,CARGAS,CONDUCTOR,MOTO,MASCULINO,41
229,2017-0108,2,2017-09-02,4,GRAL PAZ,12,-58.49491054,-34.54795581,AUTO,PASAJERO_ACOMPAÑANTE,AUTO,MASCULINO,17
230,2017-0108,2,2017-09-02,4,GRAL PAZ,12,-58.49491054,-34.54795581,AUTO,PASAJERO_ACOMPAÑANTE,AUTO,MASCULINO,10
231,2017-0109,1,2017-09-04,21,AVENIDA,7,-58.47130269,-34.63665402,AUTO,CONDUCTOR,MOTO,MASCULINO,21
232,2017-0110,1,2017-09-06,14,AVENIDA,1,-58.370488,-34.60189492,PASAJEROS,PEATON,PEATON,MASCULINO,56
233,2017-0111,1,2017-09-07,18,CALLE,4,-58.42023854,-34.6423411,CARGAS,PEATON,PEATON,FEMENINO,79
234,2017-0112,2,2017-09-10,9,AUTOPISTA,7,-58.45807401,-34.6399743,OBJETO FIJO,PASAJERO_ACOMPAÑANTE,AUTO,MASCULINO,1
235,2017-0112,2,2017-09-10,9,AUTOPISTA,7,-58.45807401,-34.6399743,OBJETO FIJO,PASAJERO_ACOMPAÑANTE,AUTO,MASCULINO,0
236,2017-0113,1,2017-09-11,6,AVENIDA,1,-58.37697717,-34.59573848,PASAJEROS,PEATON,PEATON,FEMENINO,76
237,2017-0114,1,2017-09-15,2,AVENIDA,2,-58.3910058,-34.5849866,OBJETO FIJO,CONDUCTOR,AUTO,MASCULINO,26
238,2017-0115,1,2017-09-19,18,AVENIDA,5,-58.42182126,-34.63089661,BICICLETA,CONDUCTOR,MOTO,MASCULINO,34
239,2017-0116,1,2017-09-20,22,GRAL PAZ,12,-58.51389422,-34.58075791,OBJETO FIJO,CONDUCTOR,MOTO,MASCULINO,22
240,2017-0118,1,2017-09-22,7,AVENIDA,4,-58.37585415,-34.65232158,AUTO,PASAJERO_ACOMPAÑANTE,MOTO,FEMENINO,26
241,2017-0120,1,2017-10-02,15,AUTOPISTA,9,-58.47297505,-34.66245085,CARGAS,CONDUCTOR,MOTO,MASCULINO,20
242,2017-0123,1,2017-10-10,1,AVENIDA,8,-58.46855503,-34.67216349,AUTO,PEATON,PEATON,FEMENINO,36
243,2017-0124,1,2017-10-12,14,CALLE,15,-58.44254033,-34.59185043,PASAJEROS,CONDUCTOR,MOTO,MASCULINO,51
244,2017-0125,1,2017-10-13,6,AVENIDA,8,-58.46622247,-34.67926929,OBJETO FIJO,CONDUCTOR,MOTO,MASCULINO,29
245,2017-0126,2,2017-10-14,6,AVENIDA,8,-58.48003734,-34.68148508,OBJETO FIJO,PASAJERO_ACOMPAÑANTE,AUTO,MASCULINO,39
246,2017-0126,2,2017-10-14,6,AVENIDA,8,-58.48003734,-34.68148508,OBJETO FIJO,CONDUCTOR,AUTO,MASCULINO,36
247,2017-0127,1,2017-10-16,7,AVENIDA,2,-58.41192137,-34.59800248,MOTO,PASAJERO_ACOMPAÑANTE,MOTO,MASCULINO,24
248,2017-0128,1,2017-10-17,12,CALLE,6,-58.44034689,-34.61349731,PASAJEROS,PEATON,PEATON,FEMENINO,60
249,2017-0129,1,2017-10-26,19,AUTOPISTA,9,-58.47155277,-34.64925746,PASAJEROS,CONDUCTOR,MOTO,MASCULINO,57
250,2017-0130,1,2017-10-27,5,AVENIDA,15,-58.47883099,-34.59967065,CARGAS,CONDUCTOR,AUTO,MASCULINO,23
251,2017-0132,1,2017-10-30,14,AVENIDA,8,-58.46552171,-34.6937413,PASAJEROS,CONDUCTOR,MOTO,MASCULINO,23
252,2017-0134,1,2017-11-06,18,AVENIDA,8,-58.4423972,-34.66777987,PASAJEROS,PEATON,PEATON,FEMENINO,47
253,2017-0135,1,2017-11-07,12,AVENIDA,15,-58.47032551,-34.59626814,CARGAS,CONDUCTOR,MOTO,MASCULINO,24
254,2017-0136,1,2017-11-16,8,AVENIDA,4,-58.41827843,-34.65522746,PASAJEROS,PEATON,PEATON,MASCULINO,55
255,2017-0137,1,2017-11-17,11,AVENIDA,11,-58.51280715,-34.59279388,CARGAS,PEATON,PEATON,FEMENINO,60
256,2017-0138,1,2017-11-19,10,AVENIDA,7,-58.46258582,-34.64385704,OBJETO FIJO,PASAJERO_ACOMPAÑANTE,MOTO,MASCULINO,25
257,2017-0139,1,2017-11-19,22,AVENIDA,8,-58.45064148,-34.68003614,OBJETO FIJO,PASAJERO_ACOMPAÑANTE,AUTO,FEMENINO,15
258,2017-0141,1,2017-11-23,19,AVENIDA,6,-58.42717783,-34.62513374,PASAJEROS,PEATON,PEATON,FEMENINO,22
259,2017-0143,1,2017-11-25,21,CALLE,11,-58.46442001,-34.60724519,PASAJEROS,CONDUCTOR,AUTO,MASCULINO,50
260,2017-0144,1,2017-11-26,6,GRAL PAZ,8,-58.47064556,-34.69843756,OBJETO FIJO,PASAJERO_ACOMPAÑANTE,AUTO,FEMENINO,50
261,2017-0145,1,2017-11-26,17,CALLE,5,-58.41677733,-34.61223119,AUTO,CONDUCTOR,MOTO,MASCULINO,58
262,2017-0147,1,2017-11-28,11,GRAL PAZ,9,-58.5025179,-34.67450313,AUTO,CONDUCTOR,MOTO,MASCULINO,49
263,2017-0148,1,2017-11-29,10,AVENIDA,3,-58.40708125,-34.62438894,PASAJEROS,PEATON,PEATON,FEMENINO,82
264,2017-0149,1,2017-11-30,12,AVENIDA,1,-58.36947198,-34.61477051,PASAJEROS,PEATON,PEATON,MASCULINO,13
265,2017-0150,1,2017-12-04,1,AVENIDA,9,-58.51140889,-34.63934531,AUTO,PEATON,PEATON,MASCULINO,56
266,2017-0151,1,2017-12-04,2,CALLE,4,-58.37460912,-34.65559133,PASAJEROS,PEATON,PEATON,MASCULINO,0
267,2017-0152,1,2017-12-06,17,CALLE,4,-58.41146277,-34.65073916,PASAJEROS,CICLISTA,BICICLETA,MASCULINO,19
268,2017-0153,2,2017-12-11,2,AVENIDA,6,-58.42855267,-34.61829385,PASAJEROS,PASAJERO_ACOMPAÑANTE,MOTO,MASCULINO,0
269,2017-0153,2,2017-12-11,2,AVENIDA,6,-58.42855267,-34.61829385,PASAJEROS,CONDUCTOR,MOTO,MASCULINO,30
270,2017-0154,1,2017-12-11,9,AVENIDA,4,-58.39035581,-34.63412287,PASAJEROS,PEATON,PEATON,MASCULINO,76
271,2017-0155,1,2017-12-12,21,AVENIDA,7,-58.45593915,-34.62656868,MOTO,SD,SD,MASCULINO,77
272,2017-0157,1,2017-12-17,9,GRAL PAZ,9,-58.52866211,-34.64597065,PASAJEROS,CONDUCTOR,AUTO,MASCULINO,53
273,2017-0158,1,2017-12-18,21,GRAL PAZ,11,-58.52037476,-34.59407024,AUTO,CONDUCTOR,MOTO,MASCULINO,32
274,2017-0159,1,2017-12-20,4,AVENIDA,1,-58.38896772,-34.61799615,AUTO,CONDUCTOR,MOTO,MASCULINO,27
275,2017-0160,1,2017-12-22,13,AVENIDA,7,-58.47074114,-34.62771756,MOTO,PEATON,PEATON,FEMENINO,30
276,2017-0161,1,2017-12-26,15,AVENIDA,9,-58.48200819,-34.65969965,AUTO,PEATON,PEATON,FEMENINO,30
277,2018-0001,1,2018-01-01,22,AVENIDA,3,-58.39536773,-34.62297346,MOTO,PEATON,PEATON,MASCULINO,83
278,2018-0002,1,2018-01-03,16,CALLE,1,-58.37456088,-34.61895467,PASAJEROS,CICLISTA,BICICLETA,FEMENINO,26
279,2018-0003,1,2018-01-05,10,AVENIDA,15,-58.44860217,-34.60395657,MULTIPLE,PEATON,PEATON,FEMENINO,58
280,2018-0004,1,2018-01-09,9,AVENIDA,13,-58.46129513,-34.54332766,MULTIPLE,CONDUCTOR,MOTO,MASCULINO,39
281,2018-0005,1,2018-01-09,22,AVENIDA,1,-58.36907201,-34.61953517,PASAJEROS,PEATON,PEATON,MASCULINO,54
282,2018-0006,1,2018-01-10,21,CALLE,6,-58.44062219,-34.62499107,PASAJEROS,CICLISTA,BICICLETA,FEMENINO,45
283,2018-0007,1,2018-01-11,2,AUTOPISTA,9,-58.52502765,-34.63601265,AUTO,CONDUCTOR,AUTO,MASCULINO,46
284,2018-0008,1,2018-01-12,17,AVENIDA,1,-58.36659655,-34.61687778,CARGAS,CONDUCTOR,MOTO,FEMENINO,32
285,2018-0009,1,2018-01-14,2,AVENIDA,4,-58.36737389,-34.62763661,MOTO,CONDUCTOR,MOTO,MASCULINO,19
286,2018-0010,1,2018-01-18,5,CALLE,10,-58.49807953,-34.63038658,CARGAS,CONDUCTOR,MOTO,MASCULINO,40
287,2018-0011,1,2018-01-19,10,AVENIDA,2,-58.39092703,-34.59088447,PASAJEROS,PEATON,PEATON,MASCULINO,84
288,2018-0012,1,2018-01-26,13,CALLE,8,-58.46912006,-34.68049201,PASAJEROS,CONDUCTOR,MOTO,MASCULINO,20
289,2018-0013,1,2018-01-28,8,AVENIDA,12,-58.48661286,-34.56786129,AUTO,CONDUCTOR,MOTO,MASCULINO,44
290,2018-0014,1,2018-01-31,20,AVENIDA,7,-58.44074927,-34.65080597,MOTO,PEATON,PEATON,MASCULINO,0
291,2018-0015,2,2018-02-06,1,AVENIDA,4,-58.38636298,-34.64684275,PASAJEROS,CONDUCTOR,MOTO,MASCULINO,28
292,2018-0015,2,2018-02-06,1,AVENIDA,4,-58.38636298,-34.64684275,PASAJEROS,PASAJERO_ACOMPAÑANTE,MOTO,MASCULINO,19
293,2018-0016,1,2018-02-15,10,AVENIDA,1,-58.37533517,-34.59276462,CARGAS,CONDUCTOR,MOTO,MASCULINO,31
294,2018-0017,1,2018-02-17,4,AVENIDA,7,-58.46963952,-34.63070603,AUTO,PEATON,PEATON,MASCULINO,35
295,2018-0018,1,2018-02-17,7,CALLE,4,-58.37207554,-34.64543658,CARGAS,CONDUCTOR,MOTO,MASCULINO,26
296,2018-0019,1,2018-02-17,12,AVENIDA,2,-58.39189441,-34.59176378,PASAJEROS,PEATON,PEATON,FEMENINO,80
297,2018-0020,1,2018-02-19,22,AUTOPISTA,8,-58.45012957,-34.66518343,CARGAS,CONDUCTOR,MOTO,MASCULINO,26
298,2018-0021,1,2018-02-22,10,AVENIDA,4,-58.40184094,-34.64546845,PASAJEROS,PEATON,PEATON,FEMENINO,62
299,2018-0022,1,2018-02-24,0,AVENIDA,4,-58.37441153,-34.63966783,CARGAS,CONDUCTOR,MOTO,MASCULINO,28
300,2018-0023,1,2018-02-24,6,CALLE,6,-58.44110156,-34.62082399,AUTO,CONDUCTOR,MOTO,MASCULINO,28
301,2018-0024,1,2018-02-28,23,AVENIDA,15,-58.47087351,-34.57827342,CARGAS,PEATON,PEATON,MASCULINO,70
302,2018-0025,1,2018-03-04,22,AVENIDA,7,-58.4596221,-34.6224514,AUTO,PEATON,PEATON,MASCULINO,70
303,2018-0026,2,2018-03-09,4,AVENIDA,4,-58.41657793,-34.65476216,CARGAS,CONDUCTOR,MOVIL,MASCULINO,24
304,2018-0026,2,2018-03-09,4,AVENIDA,4,-58.41657793,-34.65476216,CARGAS,PASAJERO_ACOMPAÑANTE,MOVIL,MASCULINO,30
305,2018-0027,1,2018-03-11,23,CALLE,5,-58.41911301,-34.63722107,MOTO,PEATON,PEATON,FEMENINO,74
306,2018-0028,1,2018-03-13,15,AVENIDA,9,-58.47120586,-34.64251042,CARGAS,PEATON,PEATON,MASCULINO,71
307,2018-0029,1,2018-03-15,18,AVENIDA,11,-58.47418944,-34.62049672,AUTO,CONDUCTOR,MOTO,MASCULINO,26
308,2018-0030,1,2018-03-20,1,AVENIDA,15,-58.46720441,-34.57905579,MOTO,CONDUCTOR,MOTO,MASCULINO,24
309,2018-0031,1,2018-03-28,10,AVENIDA,11,-58.46909362,-34.6177971,CARGAS,CONDUCTOR,MOTO,MASCULINO,31
310,2018-0032,1,2018-04-02,13,AVENIDA,13,-58.44704343,-34.5688864,PASAJEROS,PEATON,PEATON,MASCULINO,70
311,2018-0033,1,2018-04-07,7,AVENIDA,10,-58.50535541,-34.62902048,CARGAS,CONDUCTOR,MOTO,FEMENINO,42
312,2018-0034,1,2018-04-11,18,AVENIDA,2,-58.40021675,-34.59522198,PASAJEROS,PEATON,PEATON,MASCULINO,24
313,2018-0035,1,2018-04-12,16,AVENIDA,7,-58.46325991,-34.62919627,PASAJEROS,PEATON,PEATON,FEMENINO,39
314,2018-0036,1,2018-04-13,23,AVENIDA,15,-58.49471482,-34.59694755,AUTO,CONDUCTOR,MOTO,MASCULINO,37
315,2018-0037,1,2018-04-18,18,AVENIDA,2,-58.3987261,-34.59975962,CARGAS,PEATON,PEATON,MASCULINO,84
316,2018-0038,2,2018-04-20,17,AVENIDA,1,-58.38872177,-34.60885045,AUTO,PEATON,PEATON,FEMENINO,59
317,2018-0038,2,2018-04-20,17,AVENIDA,1,-58.38872177,-34.60885045,AUTO,PEATON,PEATON,MASCULINO,61
318,2018-0040,1,2018-04-27,11,CALLE,13,-58.45686132,-34.57305993,CARGAS,PEATON,PEATON,FEMENINO,0
319,2018-0041,1,2018-04-27,13,AVENIDA,4,-58.42281627,-34.64282424,PASAJEROS,PEATON,PEATON,FEMENINO,78
320,2018-0042,1,2018-04-27,18,CALLE,4,-58.38666024,-34.63953396,CARGAS,PASAJERO_ACOMPAÑANTE,MOTO,MASCULINO,23
321,2018-0043,1,2018-04-28,6,AVENIDA,11,-58.49122843,-34.61207587,AUTO,CONDUCTOR,MOTO,MASCULINO,25
322,2018-0044,1,2018-04-28,9,AVENIDA,3,-58.40098306,-34.61866627,AUTO,PEATON,PEATON,FEMENINO,50
323,2018-0045,1,2018-04-30,7,AVENIDA,13,-58.45448963,-34.5791692,CARGAS,CONDUCTOR,AUTO,MASCULINO,60
324,2018-0046,1,2018-05-02,3,GRAL PAZ,9,-58.52927982,-34.63931752,AUTO,PEATON,PEATON,MASCULINO,11
325,2018-0047,1,2018-05-08,19,AVENIDA,15,-58.44759966,-34.5917024,PASAJEROS,PEATON,PEATON,MASCULINO,82
326,2018-0048,1,2018-05-09,10,AVENIDA,7,-58.46411215,-34.62925068,PASAJEROS,PEATON,PEATON,MASCULINO,57
327,2018-0049,1,2018-05-11,19,CALLE,13,-58.4621322,-34.55395823,AUTO,PEATON,PEATON,FEMENINO,40
328,2018-0050,1,2018-05-14,18,AVENIDA,13,-58.45669422,-34.5620361,PASAJEROS,PEATON,PEATON,FEMENINO,47
329,2018-0051,1,2018-05-15,21,CALLE,4,-58.3597716,-34.64341878,AUTO,PEATON,PEATON,FEMENINO,57
330,2018-0052,1,2018-05-18,20,AVENIDA,15,-58.49820145,-34.59070093,PASAJEROS,PEATON,PEATON,MASCULINO,78
331,2018-0053,1,2018-05-20,2,CALLE,3,-58.4105928,-34.5993918,AUTO,CONDUCTOR,MOTO,MASCULINO,43
332,2018-0054,1,2018-05-22,11,CALLE,12,-58.47969138,-34.57121563,BICICLETA,PEATON,PEATON,FEMENINO,86
333,2018-0055,1,2018-05-29,7,AVENIDA,3,-58.40351561,-34.61883916,AUTO,CONDUCTOR,MOTO,MASCULINO,21
334,2018-0056,1,2018-06-02,13,AVENIDA,9,-58.51973844,-34.63918987,PASAJEROS,PEATON,PEATON,FEMENINO,69
335,2018-0057,1,2018-06-03,3,CALLE,3,-58.39311376,-34.62163006,PASAJEROS,CONDUCTOR,MOTO,MASCULINO,33
336,2018-0058,1,2018-06-03,6,AVENIDA,15,-58.43531242,-34.59082159,AUTO,CONDUCTOR,MOTO,MASCULINO,26
337,2018-0059,1,2018-06-08,6,AVENIDA,5,-58.41178165,-34.63035454,OTRO,CONDUCTOR,MOTO,MASCULINO,54
338,2018-0060,1,2018-06-08,12,AVENIDA,1,-58.370488,-34.60189492,PASAJEROS,PEATON,PEATON,MASCULINO,51
339,2018-0061,1,2018-06-10,11,CALLE,3,-58.39883882,-34.61964833,MOTO,CONDUCTOR,MOTO,MASCULINO,51
340,2018-0062,1,2018-06-14,1,CALLE,6,-58.44110156,-34.62082399,CARGAS,PEATON,PEATON,MASCULINO,32
341,2018-0063,1,2018-06-16,21,AVENIDA,1,-58.37093138,-34.59952725,PASAJEROS,PEATON,PEATON,FEMENINO,28
342,2018-0064,1,2018-06-25,1,AVENIDA,7,-58.45855262,-34.63953253,CARGAS,CONDUCTOR,AUTO,MASCULINO,30
343,2018-0065,1,2018-06-26,17,CALLE,1,-58.38161909,-34.59283447,CARGAS,CONDUCTOR,MOTO,MASCULINO,35
344,2018-0066,1,2018-06-28,11,AVENIDA,15,-58.45511899,-34.58698157,PASAJEROS,PEATON,PEATON,MASCULINO,73
345,2018-0067,1,2018-06-29,16,AVENIDA,4,-58.37724226,-34.62973033,AUTO,PASAJERO_ACOMPAÑANTE,PASAJEROS,FEMENINO,81
346,2018-0068,1,2018-07-01,9,AVENIDA,7,-58.45546217,-34.62930339,AUTO,CONDUCTOR,MOTO,MASCULINO,21
347,2018-0069,1,2018-07-04,21,AVENIDA,2,-58.39897064,-34.59954925,PASAJEROS,CICLISTA,BICICLETA,MASCULINO,20
348,2018-0070,1,2018-07-07,15,CALLE,3,-58.40917826,-34.62126274,PASAJEROS,CONDUCTOR,MOTO,MASCULINO,33
349,2018-0071,1,2018-07-10,17,AVENIDA,1,-58.36726348,-34.61099738,CARGAS,CONDUCTOR,MOTO,MASCULINO,0
350,2018-0072,1,2018-07-11,13,AUTOPISTA,8,-58.48267426,-34.68454456,CARGAS,CONDUCTOR,MOTO,MASCULINO,27
351,2018-0073,1,2018-07-11,15,AVENIDA,4,-58.39546165,-34.65168841,CARGAS,PEATON,PEATON,FEMENINO,67
352,2018-0074,1,2018-07-14,6,AVENIDA,7,-58.46941984,-34.63376545,CARGAS,CONDUCTOR,AUTO,MASCULINO,25
353,2018-0075,1,2018-07-15,7,AVENIDA,14,-58.40367321,-34.58129246,AUTO,PEATON,PEATON,MASCULINO,23
354,2018-0076,1,2018-07-16,9,CALLE,9,-58.52932872,-34.65014993,CARGAS,CONDUCTOR,AUTO,MASCULINO,73
355,2018-0077,1,2018-07-16,23,CALLE,3,-58.40917826,-34.62126274,CARGAS,CONDUCTOR,AUTO,MASCULINO,58
356,2018-0078,1,2018-07-21,6,CALLE,2,-58.41264127,-34.59473294,AUTO,PEATON,PEATON,MASCULINO,27
357,2018-0079,1,2018-07-23,7,GRAL PAZ,9,-58.50877521,-34.66977709,CARGAS,PEATON,PEATON,MASCULINO,0
358,2018-0080,1,2018-07-25,22,AVENIDA,9,-58.51232237,-34.6590353,AUTO,PEATON,PEATON,MASCULINO,26
359,2018-0081,1,2018-07-29,6,AVENIDA,7,-58.44744156,-34.64567171,MULTIPLE,PEATON,PEATON,MASCULINO,35
360,2018-0082,1,2018-08-01,15,AVENIDA,9,-58.49441273,-34.65869968,CARGAS,CONDUCTOR,MOTO,FEMENINO,17
361,2018-0083,1,2018-08-02,5,GRAL PAZ,8,-58.47976785,-34.69153196,CARGAS,CONDUCTOR,MOTO,MASCULINO,0
362,2018-0084,1,2018-08-03,7,AVENIDA,1,-58.36523349,-34.62260331,CARGAS,PEATON,PEATON,MASCULINO,45
363,2018-0085,2,2018-08-03,18,AVENIDA,3,-58.39118948,-34.62704273,PASAJEROS,PASAJERO_ACOMPAÑANTE,MOTO,FEMENINO,22
364,2018-0085,2,2018-08-03,18,AVENIDA,3,-58.39118948,-34.62704273,PASAJEROS,CONDUCTOR,MOTO,MASCULINO,30
365,2018-0086,1,2018-08-10,21,AVENIDA,9,-58.49019551,-34.65015854,PASAJEROS,PEATON,PEATON,MASCULINO,40
366,2018-0087,1,2018-08-15,19,AVENIDA,5,-58.41644362,-34.63023775,PASAJEROS,PEATON,PEATON,MASCULINO,75
367,2018-0088,1,2018-08-17,16,GRAL PAZ,12,-58.5007381,-34.5497951,CARGAS,CONDUCTOR,MOTO,MASCULINO,0
368,2018-0089,1,2018-08-17,17,AVENIDA,4,-58.39626094,-34.63036565,PASAJEROS,PEATON,PEATON,MASCULINO,80
369,2018-0090,1,2018-08-18,10,AVENIDA,8,-58.43284809,-34.67051543,AUTO,CONDUCTOR,MOTO,MASCULINO,27
370,2018-0091,1,2018-08-19,18,AUTOPISTA,9,-58.52280139,-34.63659934,AUTO,PASAJERO_ACOMPAÑANTE,AUTO,FEMENINO,23
371,2018-0092,1,2018-08-20,8,AVENIDA,14,-58.4233693,-34.59774487,AUTO,CONDUCTOR,MOTO,MASCULINO,23
372,2018-0093,1,2018-08-20,8,CALLE,1,-58.38691681,-34.63105973,PASAJEROS,PEATON,PEATON,MASCULINO,24
373,2018-0094,1,2018-08-23,5,CALLE,14,-58.4116902,-34.5857988,PASAJEROS,CONDUCTOR,MOTO,MASCULINO,32
374,2018-0095,1,2018-08-26,0,AVENIDA,9,-58.46739825,-34.65117757,AUTO,PASAJERO_ACOMPAÑANTE,AUTO,FEMENINO,49
375,2018-0096,1,2018-08-31,22,AUTOPISTA,8,-58.44483258,-34.67152226,AUTO,PEATON,PEATON,MASCULINO,39
376,2018-0097,1,2018-09-02,10,AVENIDA,8,-58.43254025,-34.66128115,OTRO,CONDUCTOR,AUTO,FEMENINO,35
377,2018-0098,2,2018-09-09,5,GRAL PAZ,8,-58.47199387,-34.69640164,AUTO,CONDUCTOR,AUTO,MASCULINO,55
378,2018-0098,2,2018-09-09,5,GRAL PAZ,8,-58.47199387,-34.69640164,AUTO,PASAJERO_ACOMPAÑANTE,AUTO,MASCULINO,54
379,2018-0099,1,2018-09-12,14,AVENIDA,7,-58.46411215,-34.62925068,PASAJEROS,PEATON,PEATON,MASCULINO,18
380,2018-0100,1,2018-09-20,10,AVENIDA,1,-58.36217754,-34.62367156,AUTO,SD,MOTO,FEMENINO,33
381,2018-0101,1,2018-09-21,0,GRAL PAZ,12,-58.48098594,-34.5407313,MULTIPLE,CONDUCTOR,AUTO,MASCULINO,0
382,2018-0102,1,2018-09-21,0,CALLE,4,-58.41083404,-34.64640709,AUTO,CONDUCTOR,MOTO,MASCULINO,20
383,2018-0103,1,2018-09-27,17,AVENIDA,7,-58.44609828,-34.64446729,MOTO,PEATON,PEATON,MASCULINO,1
384,2018-0104,1,2018-10-01,8,AUTOPISTA,4,-58.37709334,-34.64035082,MOTO,CONDUCTOR,MOTO,MASCULINO,22
385,2018-0105,1,2018-10-03,18,AVENIDA,7,-58.46963952,-34.63070603,PASAJEROS,PEATON,PEATON,FEMENINO,56
386,2018-0106,1,2018-10-04,22,AVENIDA,13,-58.43674281,-34.55161027,MOTO,CONDUCTOR,MOTO,MASCULINO,27
387,2018-0107,1,2018-10-06,14,AVENIDA,3,-58.4059686,-34.61011987,PASAJEROS,PEATON,PEATON,FEMENINO,62
388,2018-0108,1,2018-10-09,14,AVENIDA,1,-58.36154069,-34.60463618,AUTO,CONDUCTOR,MOTO,MASCULINO,37
389,2018-0109,1,2018-10-10,22,AVENIDA,1,-58.37062179,-34.60066507,PASAJEROS,PEATON,PEATON,MASCULINO,34
390,2018-0110,1,2018-10-13,3,AVENIDA,15,-58.43220014,-34.60207186,MOTO,PEATON,PEATON,MASCULINO,60
391,2018-0111,1,2018-10-19,12,AUTOPISTA,9,-58.46958442,-34.64949724,CARGAS,CONDUCTOR,MOTO,MASCULINO,28
392,2018-0112,1,2018-10-24,9,CALLE,15,-58.44671397,-34.59970903,CARGAS,CONDUCTOR,MOTO,FEMENINO,28
393,2018-0113,1,2018-10-25,11,CALLE,11,-58.47152163,-34.61474911,CARGAS,CONDUCTOR,MOTO,MASCULINO,20
394,2018-0114,1,2018-10-30,2,AVENIDA,1,-58.39032921,-34.61807951,AUTO,CONDUCTOR,MOTO,MASCULINO,23
395,2018-0115,1,2018-10-31,12,CALLE,9,-58.52887773,-34.64297861,PASAJEROS,PEATON,PEATON,MASCULINO,42
396,2018-0116,1,2018-11-01,10,GRAL PAZ,8,-58.49371157,-34.67981324,CARGAS,PEATON,PEATON,MASCULINO,48
397,2018-0117,1,2018-11-04,8,AVENIDA,9,-58.48266599,-34.66012327,MOTO,CONDUCTOR,MOTO,MASCULINO,30
398,2018-0118,1,2018-11-05,14,AVENIDA,3,-58.40612253,-34.60774301,MOTO,PEATON,PEATON,FEMENINO,80
399,2018-0119,1,2018-11-05,22,AVENIDA,8,-58.43613623,-34.66292532,SD,PEATON,PEATON,FEMENINO,32
400,2018-0120,1,2018-11-09,13,AVENIDA,12,-58.48250732,-34.57208238,AUTO,PEATON,PEATON,FEMENINO,51
401,2018-0121,1,2018-11-09,16,AVENIDA,10,-58.49945705,-34.6374328,PASAJEROS,PEATON,PEATON,FEMENINO,72
402,2018-0122,1,2018-11-12,1,AUTOPISTA,8,-58.47743966,-34.67233407,AUTO,CONDUCTOR,AUTO,MASCULINO,33
403,2018-0123,1,2018-11-12,3,GRAL PAZ,9,-58.5025179,-34.67450313,SD,CONDUCTOR,AUTO,MASCULINO,25
404,2018-0124,1,2018-11-15,19,AUTOPISTA,9,-58.52144411,-34.63682499,CARGAS,CONDUCTOR,CARGAS,MASCULINO,44
405,2018-0125,1,2018-11-16,21,AVENIDA,4,-58.41650465,-34.65084045,PASAJEROS,PEATON,PEATON,MASCULINO,29
406,2018-0126,1,2018-11-18,12,GRAL PAZ,9,-58.52994219,-34.64055918,AUTO,CONDUCTOR,MOTO,MASCULINO,27
407,2018-0127,1,2018-11-19,9,GRAL PAZ,12,-58.50993046,-34.56919739,MOTO,CONDUCTOR,MOTO,MASCULINO,29
408,2018-0128,2,2018-11-25,4,GRAL PAZ,9,-58.52844623,-34.64592873,PASAJEROS,PASAJERO_ACOMPAÑANTE,AUTO,MASCULINO,49
409,2018-0128,2,2018-11-25,4,GRAL PAZ,9,-58.52844623,-34.64592873,PASAJEROS,PASAJERO_ACOMPAÑANTE,AUTO,FEMENINO,39
410,2018-0129,1,2018-11-28,4,AVENIDA,15,-58.45021367,-34.58695347,PASAJEROS,CONDUCTOR,MOTO,MASCULINO,37
411,2018-0130,1,2018-12-03,3,AVENIDA,10,-58.49022072,-34.62770192,PASAJEROS,CONDUCTOR,MOTO,MASCULINO,0
412,2018-0131,1,2018-12-07,19,AVENIDA,1,-58.36860866,-34.60106568,CARGAS,CONDUCTOR,MOTO,MASCULINO,29
413,2018-0132,1,2018-12-12,8,AUTOPISTA,2,-58.39490504,-34.57241534,CARGAS,PEATON,PEATON,MASCULINO,70
414,2018-0133,1,2018-12-12,14,AVENIDA,7,-58.46963952,-34.63070603,CARGAS,PEATON,PEATON,FEMENINO,60
415,2018-0134,1,2018-12-12,21,AVENIDA,7,-58.42349365,-34.64019887,MOTO,PEATON,PEATON,MASCULINO,56
416,2018-0135,1,2018-12-18,14,AVENIDA,1,-58.37471802,-34.61265002,PASAJEROS,PEATON,PEATON,MASCULINO,80
417,2018-0136,1,2018-12-18,15,AVENIDA,7,-58.46438789,-34.62913916,PASAJEROS,PEATON,PEATON,FEMENINO,70
418,2018-0137,1,2018-12-18,20,CALLE,1,-58.38481975,-34.61100424,PASAJEROS,PASAJERO_ACOMPAÑANTE,MOTO,MASCULINO,29
419,2018-0138,1,2018-12-21,9,CALLE,10,-58.50751833,-34.62073702,PASAJEROS,PASAJERO_ACOMPAÑANTE,PASAJEROS,FEMENINO,79
420,2018-0139,1,2018-12-22,6,CALLE,7,-58.44682986,-34.63888084,MOTO,PASAJERO_ACOMPAÑANTE,MOTO,MASCULINO,28
421,2018-0140,1,2018-12-22,8,CALLE,1,-58.3600465,-34.61381341,AUTO,CONDUCTOR,AUTO,MASCULINO,78
422,2018-0141,1,2018-12-22,17,AVENIDA,5,-58.41509546,-34.62085945,MOTO,PEATON,PEATON,MASCULINO,75
423,2018-0142,1,2018-12-25,13,GRAL PAZ,12,-58.50997604,-34.57251072,PASAJEROS,PASAJERO_ACOMPAÑANTE,CARGAS,MASCULINO,32
424,2018-0143,1,2018-12-29,5,AVENIDA,10,-58.48606475,-34.64047818,AUTO,CONDUCTOR,MOTO,MASCULINO,22
425,2019-0001,1,2019-01-08,8,AVENIDA,2,-58.38526125,-34.5780581,CARGAS,CONDUCTOR,MOTO,MASCULINO,25
426,2019-0002,1,2019-01-09,4,AVENIDA,7,-58.45463662,-34.65082149,CARGAS,CONDUCTOR,AUTO,MASCULINO,32
427,2019-0003,1,2019-01-12,8,AVENIDA,15,-58.49121672,-34.59718073,AUTO,CONDUCTOR,MOTO,MASCULINO,23
428,2019-0004,1,2019-01-14,19,AVENIDA,9,-58.47325712,-34.65284605,PASAJEROS,CONDUCTOR,AUTO,MASCULINO,71
429,2019-0005,1,2019-01-19,12,AVENIDA,10,-58.52108101,-34.63382309,CARGAS,CONDUCTOR,MOTO,MASCULINO,43
430,2019-0006,1,2019-01-23,5,AVENIDA,14,-58.41652702,-34.55509606,AUTO,PEATON,PEATON,FEMENINO,12
431,2019-0007,1,2019-01-26,19,CALLE,5,-58.42891604,-34.6107166,AUTO,CONDUCTOR,MOTO,MASCULINO,35
432,2019-0008,1,2019-01-30,22,GRAL PAZ,8,-58.47802293,-34.69156793,MULTIPLE,CONDUCTOR,MOTO,MASCULINO,42
433,2019-0009,1,2019-01-31,14,AVENIDA,1,-58.37564821,-34.62200207,AUTO,CONDUCTOR,MOTO,MASCULINO,34
434,2019-0010,2,2019-02-02,7,AVENIDA,14,-58.42668489,-34.56961468,AUTO,PEATON,PEATON,MASCULINO,0
435,2019-0010,2,2019-02-02,7,AVENIDA,14,-58.42668489,-34.56961468,AUTO,PEATON,PEATON,MASCULINO,59
436,2019-0011,1,2019-02-10,1,GRAL PAZ,9,-58.5183993,-34.66252488,AUTO,PEATON,PEATON,MASCULINO,0
437,2019-0012,1,2019-02-17,3,AVENIDA,8,-58.48432691,-34.67665828,AUTO,CONDUCTOR,MOTO,MASCULINO,31
438,2019-0013,1,2019-02-20,7,CALLE,7,-58.4338383,-34.64457699,AUTO,PEATON,PEATON,MASCULINO,39
439,2019-0014,1,2019-02-20,17,CALLE,11,-58.51664939,-34.58657938,OBJETO FIJO,CONDUCTOR,MOTO,MASCULINO,69
440,2019-0015,1,2019-02-23,6,AVENIDA,11,-58.49613012,-34.59703502,OBJETO FIJO,CONDUCTOR,AUTO,MASCULINO,21
441,2019-0016,1,2019-02-24,2,CALLE,4,-58.38313603,-34.63356284,PASAJEROS,CONDUCTOR,MOTO,MASCULINO,40
442,2019-0017,1,2019-03-03,7,CALLE,3,-58.39914719,-34.61632317,PASAJEROS,CONDUCTOR,AUTO,MASCULINO,22
443,2019-0018,1,2019-03-03,23,AUTOPISTA,13,-58.44927253,-34.54048625,AUTO,PEATON,PEATON,FEMENINO,29
444,2019-0019,1,2019-03-06,12,AVENIDA,13,-58.45049163,-34.55374003,AUTO,CONDUCTOR,MOTO,MASCULINO,0
445,2019-0020,1,2019-03-07,21,AVENIDA,5,-58.41288952,-34.63572989,AUTO,CONDUCTOR,MOTO,MASCULINO,43
446,2019-0021,1,2019-03-15,22,AVENIDA,7,-58.45743597,-34.62561234,AUTO,CONDUCTOR,MOTO,MASCULINO,23
447,2019-0022,1,2019-03-15,0,AVENIDA,1,-58.39123782,-34.62352245,SD,PASAJERO_ACOMPAÑANTE,AUTO,MASCULINO,0
448,2019-0023,1,2019-03-16,8,GRAL PAZ,9,-58.52922765,-34.63637963,OBJETO FIJO,CONDUCTOR,AUTO,MASCULINO,34
449,2019-0024,1,2019-03-19,7,AVENIDA,1,-58.37208118,-34.58541957,CARGAS,CONDUCTOR,MOTO,MASCULINO,32
450,2019-0025,1,2019-03-22,13,CALLE,5,-58.41458534,-34.60937557,AUTO,PEATON,PEATON,MASCULINO,27
451,2019-0026,1,2019-03-28,7,AVENIDA,8,-58.47976785,-34.69153196,PASAJEROS,PEATON,PEATON,MASCULINO,0
452,2019-0027,1,2019-03-28,11,AVENIDA,2,-58.39990285,-34.59511714,MULTIPLE,CICLISTA,BICICLETA,MASCULINO,37
453,2019-0028,1,2019-04-06,9,AVENIDA,11,-58.46051346,-34.60588536,PASAJEROS,PEATON,PEATON,FEMENINO,0
454,2019-0029,1,2019-04-07,10,AVENIDA,8,-58.47976785,-34.69153196,OBJETO FIJO,CONDUCTOR,MOTO,MASCULINO,27
455,2019-0030,1,2019-04-09,16,CALLE,7,-58.45457546,-34.62447891,CARGAS,CONDUCTOR,MOTO,MASCULINO,25
456,2019-0031,1,2019-04-12,19,AVENIDA,1,-58.36951669,-34.59832047,CARGAS,CICLISTA,BICICLETA,MASCULINO,20
457,2019-0032,1,2019-04-16,11,AVENIDA,11,-58.46415322,-34.6044379,AUTO,PEATON,PEATON,FEMENINO,83
458,2019-0033,1,2019-04-18,1,AUTOPISTA,1,-58.36607137,-34.62150748,SD,CONDUCTOR,MOTO,MASCULINO,25
459,2019-0034,1,2019-04-21,9,AVENIDA,7,-58.45537373,-34.65093074,OBJETO FIJO,CONDUCTOR,MOTO,MASCULINO,0
460,2019-0035,1,2019-04-23,14,CALLE,1,-58.37942637,-34.60053054,BICICLETA,PEATON,PEATON,FEMENINO,75
461,2019-0036,1,2019-04-26,22,CALLE,6,-58.4368044,-34.62147504,AUTO,CONDUCTOR,MOTO,MASCULINO,34
462,2019-0037,1,2019-05-01,23,AVENIDA,3,-58.40778291,-34.61971907,AUTO,CONDUCTOR,MOTO,MASCULINO,17
463,2019-0038,1,2019-05-04,14,AVENIDA,13,-58.45212523,-34.54628513,MOTO,PEATON,PEATON,FEMENINO,42
464,2019-0039,1,2019-05-09,3,AVENIDA,7,-58.46749188,-34.63551751,AUTO,CONDUCTOR,MOTO,MASCULINO,28
465,2019-0040,1,2019-05-09,12,CALLE,7,-58.4426358,-34.63679732,SD,CONDUCTOR,MOTO,MASCULINO,44
466,2019-0041,1,2019-05-11,20,AVENIDA,9,-58.51140289,-34.65846419,MULTIPLE,PASAJERO_ACOMPAÑANTE,AUTO,FEMENINO,78
467,2019-0042,1,2019-05-14,15,CALLE,1,-58.38211431,-34.62465368,PASAJEROS,PEATON,PEATON,MASCULINO,39
468,2019-0043,1,2019-05-21,9,AVENIDA,1,-58.36951669,-34.59832047,CARGAS,CICLISTA,BICICLETA,FEMENINO,0
469,2019-0044,1,2019-05-27,12,AVENIDA,5,-58.41635217,-34.62036547,MOTO,PEATON,PEATON,FEMENINO,77
470,2019-0045,1,2019-06-03,7,AVENIDA,14,-58.41316147,-34.57579669,CARGAS,CONDUCTOR,MOTO,MASCULINO,33
471,2019-0046,1,2019-06-04,9,GRAL PAZ,13,-58.47617802,-34.53825652,AUTO,PASAJERO_ACOMPAÑANTE,MOTO,FEMENINO,26
472,2019-0047,1,2019-06-06,10,AVENIDA,4,-58.38641783,-34.63330028,CARGAS,PEATON,PEATON,MASCULINO,76
473,2019-0048,1,2019-06-07,7,AVENIDA,6,-58.45322169,-34.62038137,CARGAS,CONDUCTOR,MOTO,MASCULINO,32
474,2019-0049,1,2019-06-08,9,CALLE,13,-58.45849057,-34.56166498,CARGAS,PEATON,PEATON,FEMENINO,72
475,2019-0050,1,2019-06-08,23,AVENIDA,14,-58.41829559,-34.59411677,CARGAS,CONDUCTOR,MOTO,MASCULINO,21
476,2019-0051,1,2019-06-11,10,CALLE,4,-58.36376488,-34.63832093,AUTO,CONDUCTOR,MOTO,MASCULINO,41
477,2019-0053,1,2019-06-14,17,AVENIDA,8,-58.46442668,-34.66004784,AUTO,PASAJERO_ACOMPAÑANTE,AUTO,MASCULINO,49
478,2019-0054,1,2019-06-20,3,CALLE,15,-58.48222035,-34.58428769,OBJETO FIJO,CONDUCTOR,MOTO,MASCULINO,21
479,2019-0055,1,2019-06-20,19,AVENIDA,1,-58.36819005,-34.60283208,PASAJEROS,CONDUCTOR,MOTO,MASCULINO,47
480,2019-0056,1,2019-06-29,17,AVENIDA,7,-58.45877601,-34.62330939,AUTO,PEATON,PEATON,FEMENINO,75
481,2019-0057,1,2019-07-05,19,CALLE,13,-58.44196498,-34.55760517,AUTO,PEATON,PEATON,FEMENINO,63
482,2019-0058,1,2019-07-10,9,AUTOPISTA,10,-58.50622631,-34.63627822,PASAJEROS,CONDUCTOR,MOTO,MASCULINO,39
483,2019-0059,1,2019-07-13,22,CALLE,1,-58.3841088,-34.63099197,PASAJEROS,CONDUCTOR,MOTO,MASCULINO,30
484,2019-0060,1,2019-07-17,11,AVENIDA,10,-58.48100602,-34.63504312,AUTO,PEATON,PEATON,FEMENINO,78
485,2019-0061,1,2019-07-17,18,CALLE,13,-58.45200171,-34.5578132,PASAJEROS,PEATON,PEATON,FEMENINO,58
486,2019-0062,1,2019-08-01,23,AVENIDA,13,-58.44462132,-34.56201105,PASAJEROS,PEATON,PEATON,FEMENINO,60
487,2019-0063,1,2019-08-04,1,AVENIDA,15,-58.45220688,-34.58711712,PASAJEROS,PASAJERO_ACOMPAÑANTE,MOTO,MASCULINO,0
488,2019-0064,1,2019-08-06,3,AVENIDA,7,-58.4596221,-34.6224514,AUTO,CONDUCTOR,MOTO,MASCULINO,20
489,2019-0065,1,2019-08-08,16,CALLE,4,-58.4197085,-34.65414867,PASAJEROS,PEATON,PEATON,FEMENINO,55
490,2019-0066,1,2019-08-11,21,AVENIDA,7,-58.44187596,-34.64938031,AUTO,PEATON,PEATON,MASCULINO,40
491,2019-0067,1,2019-08-14,15,CALLE,10,-58.49101637,-34.64276621,CARGAS,CONDUCTOR,MOTO,MASCULINO,35
492,2019-0068,1,2019-08-14,17,AVENIDA,8,-58.42493829,-34.66256502,MOTO,CONDUCTOR,MOTO,MASCULINO,53
493,2019-0069,1,2019-08-17,5,AVENIDA,4,-58.40489318,-34.62930162,AUTO,CONDUCTOR,MOTO,MASCULINO,43
494,2019-0070,1,2019-08-22,12,AVENIDA,14,-58.4268668,-34.59217875,BICICLETA,CONDUCTOR,MOTO,MASCULINO,25
495,2019-0071,1,2019-08-27,11,AVENIDA,9,-58.479611,-34.65620398,CARGAS,PEATON,PEATON,MASCULINO,0
496,2019-0072,1,2019-08-28,6,AVENIDA,10,-58.47439934,-34.63524207,AUTO,CONDUCTOR,AUTO,MASCULINO,22
497,2019-0073,1,2019-08-29,1,AVENIDA,15,-58.46711912,-34.57926018,OBJETO FIJO,CONDUCTOR,AUTO,MASCULINO,29
498,2019-0074,1,2019-08-29,9,AUTOPISTA,13,-58.46514781,-34.53465378,CARGAS,CONDUCTOR,MOTO,MASCULINO,35
499,2019-0075,1,2019-08-30,23,CALLE,4,-58.37571078,-34.65584079,PASAJEROS,CONDUCTOR,MOTO,MASCULINO,31
500,2019-0076,1,2019-09-05,18,AUTOPISTA,4,-58.37157668,-34.65429986,CARGAS,CONDUCTOR,MOTO,FEMENINO,29
501,2019-0077,1,2019-09-08,3,AVENIDA,14,-58.39811256,-34.58070186,AUTO,PEATON,PEATON,FEMENINO,28
502,2019-0078,1,2019-09-12,8,AVENIDA,4,-58.41125934,-34.6541774,CARGAS,PEATON,PEATON,FEMENINO,72
503,2019-0079,1,2019-09-17,5,CALLE,5,-58.41822901,-34.61866836,PASAJEROS,CONDUCTOR,MOTO,MASCULINO,57
504,2019-0080,1,2019-09-17,18,GRAL PAZ,13,-58.47617802,-34.53825652,MOTO,PEATON,PEATON,MASCULINO,76
505,2019-0081,1,2019-09-23,16,AVENIDA,15,-58.46141281,-34.58623761,PASAJEROS,PEATON,PEATON,MASCULINO,67
506,2019-0082,1,2019-09-25,7,AVENIDA,8,-58.42985146,-34.6611974,CARGAS,CICLISTA,BICICLETA,MASCULINO,47
507,2019-0083,1,2019-09-26,8,CALLE,9,-58.48457413,-34.6583909,AUTO,CONDUCTOR,AUTO,MASCULINO,73
508,2019-0084,1,2019-09-27,11,CALLE,7,-58.46572884,-34.63628186,CARGAS,CICLISTA,BICICLETA,FEMENINO,40
509,2019-0085,1,2019-10-09,22,CALLE,10,-58.49261744,-34.6341913,TREN,CICLISTA,BICICLETA,MASCULINO,20
510,2019-0086,1,2019-10-15,14,AVENIDA,15,-58.45283186,-34.5884156,PASAJEROS,CONDUCTOR,MOTO,MASCULINO,29
511,2019-0087,1,2019-10-21,21,AVENIDA,12,-58.47973681,-34.57418656,MOTO,CONDUCTOR,MOTO,MASCULINO,41
512,2019-0088,1,2019-10-22,20,AVENIDA,4,-58.40623949,-34.65076549,PASAJEROS,PEATON,PEATON,MASCULINO,27
513,2019-0089,1,2019-10-23,15,AVENIDA,4,-58.36244648,-34.63107887,CARGAS,PEATON,PEATON,FEMENINO,92
514,2019-0090,1,2019-10-24,18,AVENIDA,9,-58.49962423,-34.64868027,MOTO,PEATON,PEATON,MASCULINO,67
515,2019-0091,1,2019-11-01,20,AVENIDA,15,-58.44551437,-34.59559816,PASAJEROS,PEATON,PEATON,MASCULINO,35
516,2019-0092,1,2019-11-03,10,CALLE,4,-58.35608181,-34.63420319,PASAJEROS,PEATON,PEATON,MASCULINO,37
517,2019-0093,1,2019-11-13,11,AVENIDA,11,-58.46483679,-34.60907662,OTRO,CICLISTA,BICICLETA,MASCULINO,16
518,2019-0094,1,2019-11-18,14,CALLE,15,-58.44368628,-34.59724326,OTRO,PASAJERO_ACOMPAÑANTE,MOTO,FEMENINO,0
519,2019-0095,1,2019-11-20,15,AUTOPISTA,1,-58.37864583,-34.62907067,CARGAS,CONDUCTOR,MOTO,MASCULINO,0
520,2019-0096,1,2019-11-22,19,AVENIDA,1,-58.37560352,-34.62726382,PASAJEROS,PEATON,PEATON,MASCULINO,73
521,2019-0097,1,2019-11-25,8,AUTOPISTA,9,-58.47721439,-34.64815069,MULTIPLE,PASAJERO_ACOMPAÑANTE,MOTO,FEMENINO,23
522,2019-0098,1,2019-11-25,14,AVENIDA,15,-58.45134029,-34.58984288,PASAJEROS,PASAJERO_ACOMPAÑANTE,PASAJEROS,FEMENINO,61
523,2019-0100,1,2019-12-05,17,AVENIDA,12,-58.49040794,-34.58368803,AUTO,CONDUCTOR,MOTO,MASCULINO,38
524,2019-0101,1,2019-12-17,4,AVENIDA,4,-58.42102679,-34.64991178,MOTO,CONDUCTOR,MOTO,MASCULINO,25
525,2019-0102,1,2019-12-17,14,CALLE,9,-58.52219407,-34.64143926,AUTO,CONDUCTOR,MOTO,MASCULINO,18
526,2019-0103,1,2019-12-18,11,GRAL PAZ,11,-58.52169422,-34.5947164,MOTO,CONDUCTOR,MOTO,MASCULINO,24
527,2019-0104,1,2019-12-21,4,AVENIDA,10,-58.47460416,-34.63206174,AUTO,PASAJERO_ACOMPAÑANTE,MOTO,FEMENINO,23
528,2019-0105,1,2019-05-05,11,AVENIDA,10,-58.50512382,-34.61520391,AUTO,PEATON,PEATON,FEMENINO,82
529,2020-0001,1,2020-01-04,10,CALLE,15,-58.43910409,-34.59213355,AUTO,PEATON,PEATON,FEMENINO,87
530,2020-0002,1,2020-01-05,20,AVENIDA,7,-58.45019436,-34.64646409,OBJETO FIJO,CONDUCTOR,MOTO,MASCULINO,36
531,2020-0003,1,2020-01-11,6,AVENIDA,3,-58.39337644,-34.60927582,AUTO,PEATON,PEATON,MASCULINO,44
532,2020-0004,1,2020-01-14,21,AVENIDA,1,-58.39055614,-34.60919284,PASAJEROS,PEATON,PEATON,MASCULINO,82
533,2020-0005,1,2020-01-14,6,AVENIDA,3,-58.41036975,-34.62477021,PASAJEROS,CONDUCTOR,MOTO,MASCULINO,25
534,2020-0006,1,2020-01-20,12,AVENIDA,8,-58.44925765,-34.65412546,CARGAS,CONDUCTOR,MOTO,MASCULINO,23
535,2020-0007,1,2020-01-27,0,CALLE,1,-58.3815685,-34.61648696,MOTO,PEATON,PEATON,MASCULINO,52
536,2020-0008,1,2020-01-30,7,AVENIDA,2,-58.40662899,-34.59804521,CARGAS,CONDUCTOR,MOTO,MASCULINO,49
537,2020-0009,1,2020-02-04,14,CALLE,5,-58.41985649,-34.6060085,AUTO,PEATON,PEATON,MASCULINO,48
538,2020-0010,1,2020-02-08,5,AVENIDA,1,-58.38099833,-34.62214953,OBJETO FIJO,CONDUCTOR,MOTO,MASCULINO,0
539,2020-0011,1,2020-02-12,11,CALLE,5,-58.41803309,-34.61823178,CARGAS,CONDUCTOR,MOTO,MASCULINO,31
540,2020-0012,1,2020-02-18,21,CALLE,3,-58.40604003,-34.61783553,MOTO,PEATON,PEATON,FEMENINO,66
541,2020-0013,1,2020-02-20,12,AVENIDA,15,-58.47549929,-34.57994061,MOTO,PEATON,PEATON,FEMENINO,58
542,2020-0014,1,2020-02-27,2,CALLE,11,-58.51398484,-34.61600366,PASAJEROS,CONDUCTOR,MOTO,MASCULINO,0
543,2020-0015,1,2020-02-28,14,AVENIDA,1,-58.36797542,-34.62519403,PASAJEROS,CONDUCTOR,MOTO,MASCULINO,29
544,2020-0016,1,2020-02-29,13,AVENIDA,1,-58.37133616,-34.59879316,PASAJEROS,PEATON,PEATON,MASCULINO,68
545,2020-0017,1,2020-03-05,23,AVENIDA,3,-58.39613805,-34.61413568,AUTO,PEATON,PEATON,MASCULINO,0
546,2020-0018,1,2020-03-09,14,AVENIDA,13,-58.44903073,-34.54200276,OBJETO FIJO,CONDUCTOR,MOTO,MASCULINO,31
547,2020-0019,1,2020-03-10,21,CALLE,5,-58.41972364,-34.6284667,AUTO,PEATON,PEATON,FEMENINO,80
548,2020-0020,1,2020-03-13,17,AVENIDA,3,-58.40571596,-34.60557123,MOTO,PEATON,PEATON,FEMENINO,74
549,2020-0021,1,2020-03-14,16,CALLE,2,-58.4145159,-34.59488319,AUTO,PEATON,PEATON,FEMENINO,87
550,2020-0022,1,2020-04-07,6,AUTOPISTA,9,-58.47297505,-34.66245085,CARGAS,PASAJERO_ACOMPAÑANTE,AUTO,MASCULINO,44
551,2020-0023,1,2020-04-09,18,AVENIDA,4,-58.35791192,-34.63695178,CARGAS,CONDUCTOR,AUTO,MASCULINO,44
552,2020-0024,1,2020-04-24,7,CALLE,9,-58.50801713,-34.65177305,AUTO,CONDUCTOR,AUTO,MASCULINO,53
553,2020-0025,1,2020-05-12,5,AVENIDA,3,-58.40258477,-34.60975108,AUTO,PEATON,PEATON,MASCULINO,0
554,2020-0027,1,2020-05-18,8,AVENIDA,8,-58.48267426,-34.68454456,CARGAS,PEATON,PEATON,MASCULINO,76
555,2020-0028,1,2020-05-19,10,AVENIDA,15,-58.44248936,-34.60221948,PASAJEROS,PEATON,PEATON,MASCULINO,91
556,2020-0029,1,2020-06-10,14,GRAL PAZ,9,-58.52909134,-34.63886726,PASAJEROS,PEATON,PEATON,MASCULINO,80
557,2020-0030,1,2020-06-16,15,AVENIDA,6,-58.45158942,-34.6064658,MULTIPLE,CONDUCTOR,MOTO,MASCULINO,40
558,2020-0031,1,2020-06-30,8,AVENIDA,9,-58.49344309,-34.65788529,CARGAS,CONDUCTOR,MOTO,MASCULINO,29
559,2020-0032,1,2020-07-10,23,AVENIDA,15,-58.44259166,-34.59635137,AUTO,CONDUCTOR,MOTO,MASCULINO,21
560,2020-0033,1,2020-07-19,6,GRAL PAZ,13,-58.46743471,-34.53476874,OBJETO FIJO,CONDUCTOR,AUTO,MASCULINO,32
561,2020-0034,1,2020-08-02,3,CALLE,3,-58.41178158,-34.60922259,AUTO,PEATON,PEATON,FEMENINO,0
562,2020-0035,1,2020-08-04,5,AUTOPISTA,7,-58.45068621,-34.63638927,PASAJEROS,CONDUCTOR,MOTO,MASCULINO,40
563,2020-0036,1,2020-08-07,18,AVENIDA,14,-58.42016954,-34.5877879,MOTO,PEATON,PEATON,MASCULINO,72
564,2020-0037,1,2020-08-29,4,AVENIDA,8,-58.43850413,-34.65554754,AUTO,PEATON,PEATON,MASCULINO,38
565,2020-0038,2,2020-08-30,4,AVENIDA,14,-58.40617526,-34.58345898,AUTO,CONDUCTOR,AUTO,MASCULINO,46
566,2020-0038,2,2020-08-30,4,AVENIDA,14,-58.40617526,-34.58345898,AUTO,CONDUCTOR,AUTO,MASCULINO,64
567,2020-0040,1,2020-09-12,3,AVENIDA,2,-58.38526125,-34.5780581,OBJETO FIJO,CONDUCTOR,AUTO,MASCULINO,0
568,2020-0041,1,2020-09-28,1,AVENIDA,7,-58.4475047,-34.63491705,PASAJEROS,CONDUCTOR,MOTO,MASCULINO,34
569,2020-0042,1,2020-09-29,17,AVENIDA,8,-58.46745752,-34.68192648,PASAJEROS,PEATON,PEATON,FEMENINO,53
570,2020-0043,1,2020-09-30,17,AVENIDA,1,-58.37202621,-34.59717942,PASAJEROS,PEATON,PEATON,MASCULINO,64
571,2020-0044,1,2020-10-05,0,AVENIDA,6,-58.42779702,-34.62207347,AUTO,CONDUCTOR,AUTO,MASCULINO,43
572,2020-0045,1,2020-10-19,3,GRAL PAZ,8,-58.46244952,-34.70524971,CARGAS,CONDUCTOR,AUTO,MASCULINO,50
573,2020-0046,1,2020-10-27,21,AVENIDA,11,-58.4844016,-34.60776782,MOTO,CONDUCTOR,MOTO,MASCULINO,41
574,2020-0047,1,2020-10-27,14,AUTOPISTA,9,-58.46668375,-34.65174801,CARGAS,PEATON,PEATON,MASCULINO,15
575,2020-0048,1,2020-10-29,20,AVENIDA,15,-58.4495878,-34.59322448,OBJETO FIJO,CONDUCTOR,MOTO,MASCULINO,41
576,2020-0049,1,2020-10-30,20,AVENIDA,1,-58.37533517,-34.59276462,AUTO,PEATON,PEATON,MASCULINO,36
577,2020-0050,1,2020-11-01,22,AVENIDA,14,-58.42525456,-34.57866344,MOTO,PEATON,PEATON,FEMENINO,28
578,2020-0051,1,2020-11-05,0,AVENIDA,10,-58.48493828,-34.62981124,AUTO,CONDUCTOR,MOTO,MASCULINO,49
579,2020-0052,1,2020-11-07,6,AVENIDA,3,-58.40480504,-34.60183884,CARGAS,CICLISTA,BICICLETA,MASCULINO,44
580,2020-0053,1,2020-11-09,3,AVENIDA,4,-58.41125934,-34.6541774,AUTO,PASAJERO_ACOMPAÑANTE,AUTO,MASCULINO,27
581,2020-0054,1,2020-11-19,9,CALLE,4,-58.39956546,-34.6297708,AUTO,CICLISTA,BICICLETA,MASCULINO,59
582,2020-0055,1,2020-11-19,12,AVENIDA,12,-58.49005682,-34.5786897,CARGAS,PEATON,PEATON,MASCULINO,91
583,2020-0056,1,2020-11-21,13,GRAL PAZ,8,-58.47064556,-34.69843756,CARGAS,CONDUCTOR,MOTO,FEMENINO,34
584,2020-0057,1,2020-11-23,7,AVENIDA,11,-58.4750156,-34.61945902,AUTO,PEATON,PEATON,MASCULINO,84
585,2020-0058,1,2020-11-24,16,AVENIDA,10,-58.48727942,-34.63652467,AUTO,PEATON,PEATON,MASCULINO,57
586,2020-0059,1,2020-12-01,6,CALLE,1,-58.3795169,-34.62794241,PASAJEROS,PEATON,PEATON,FEMENINO,49
587,2020-0060,1,2020-12-03,20,AVENIDA,9,-58.47750832,-34.65672199,MOTO,PEATON,PEATON,FEMENINO,69
588,2020-0061,1,2020-12-03,14,AUTOPISTA,13,-58.44927253,-34.54048625,CARGAS,CONDUCTOR,MOTO,MASCULINO,45
589,2020-0062,1,2020-12-04,17,CALLE,3,-58.39246272,-34.61253541,PASAJEROS,CICLISTA,BICICLETA,MASCULINO,47
590,2020-0063,2,2020-12-05,7,CALLE,11,-58.52783814,-34.61047001,MOTO,PEATON,PEATON,MASCULINO,38
591,2020-0063,2,2020-12-05,7,CALLE,11,-58.52783814,-34.61047001,MOTO,PASAJERO_ACOMPAÑANTE,MOTO,MASCULINO,21
592,2020-0065,1,2020-12-05,16,GRAL PAZ,12,-58.49332664,-34.54836855,AUTO,CONDUCTOR,MOTO,MASCULINO,24
593,2020-0066,1,2020-12-07,4,AUTOPISTA,10,-58.50178784,-34.63593897,OBJETO FIJO,CONDUCTOR,MOTO,MASCULINO,27
594,2020-0067,1,2020-12-11,22,AVENIDA,4,-58.41657793,-34.65476216,PASAJEROS,PEATON,PEATON,MASCULINO,51
595,2020-0068,1,2020-12-12,20,AVENIDA,2,-58.39731474,-34.58307887,AUTO,CONDUCTOR,MOTO,MASCULINO,71
596,2020-0069,1,2020-12-15,5,AVENIDA,1,-58.38746381,-34.61790839,PASAJEROS,PASAJERO_ACOMPAÑANTE,MOTO,MASCULINO,25
597,2020-0070,1,2020-12-17,15,AVENIDA,2,-58.39189441,-34.59176378,PASAJEROS,PEATON,PEATON,FEMENINO,81
598,2020-0071,1,2020-12-17,23,AVENIDA,7,-58.46749188,-34.63551751,AUTO,PEATON,PEATON,MASCULINO,4
599,2020-0072,1,2020-12-19,3,AVENIDA,3,-58.40280471,-34.62113271,AUTO,CICLISTA,BICICLETA,MASCULINO,42
600,2020-0073,1,2020-12-20,7,AVENIDA,8,-58.44451316,-34.68475866,OBJETO FIJO,CONDUCTOR,MOTO,MASCULINO,56
601,2020-0074,1,2020-12-20,21,AVENIDA,7,-58.47110424,-34.62742408,AUTO,CONDUCTOR,AUTO,MASCULINO,39
602,2020-0075,1,2020-12-23,14,AVENIDA,1,-58.38220928,-34.60373898,PASAJEROS,PEATON,PEATON,MASCULINO,23
603,2020-0076,1,2020-12-24,12,AVENIDA,10,-58.49794468,-34.61565025,PASAJEROS,CONDUCTOR,AUTO,FEMENINO,78
604,2020-0077,2,2020-12-25,6,AVENIDA,15,-58.47220945,-34.60111373,AUTO,CONDUCTOR,MOTO,FEMENINO,30
605,2020-0077,2,2020-12-25,6,AVENIDA,15,-58.47220945,-34.60111373,AUTO,PASAJERO_ACOMPAÑANTE,MOTO,FEMENINO,24
606,2020-0078,1,2020-12-25,5,CALLE,7,-58.43706741,-34.63217813,PASAJEROS,CICLISTA,BICICLETA,MASCULINO,26
607,2020-0079,1,2020-12-27,4,GRAL PAZ,12,-58.49332664,-34.54836855,OBJETO FIJO,CONDUCTOR,MOTO,MASCULINO,28
608,2021-0001,1,2021-01-06,18,AUTOPISTA,1,-58.37960727,-34.62622851,AUTO,CONDUCTOR,MOTO,MASCULINO,36
609,2021-0002,1,2021-01-07,10,AVENIDA,9,-58.51061062,-34.64972472,CARGAS,CONDUCTOR,MOTO,FEMENINO,47
610,2021-0003,1,2021-01-10,7,AUTOPISTA,7,-58.43052224,-34.62941648,OBJETO FIJO,CONDUCTOR,MOTO,MASCULINO,27
611,2021-0004,1,2021-01-11,9,AVENIDA,5,-58.41455544,-34.63866836,CARGAS,PEATON,PEATON,FEMENINO,61
612,2021-0005,1,2021-01-11,21,AVENIDA,9,-58.46774439,-34.64730145,AUTO,PEATON,PEATON,MASCULINO,73
613,2021-0006,1,2021-01-12,21,AUTOPISTA,14,-58.40786274,-34.56726817,CARGAS,PASAJERO_ACOMPAÑANTE,MOTO,FEMENINO,23
614,2021-0007,1,2021-01-18,10,AVENIDA,15,-58.48744301,-34.58622275,MOTO,CONDUCTOR,MOTO,MASCULINO,84
615,2021-0008,1,2021-01-22,23,AVENIDA,4,-58.41657793,-34.65476216,PASAJEROS,PEATON,PEATON,MASCULINO,28
616,2021-0009,1,2021-01-23,5,AVENIDA,6,-58.45351111,-34.61134937,OBJETO FIJO,CONDUCTOR,MOTO,MASCULINO,31
617,2021-0010,1,2021-01-23,8,GRAL PAZ,12,-58.5007381,-34.5497951,AUTO,CONDUCTOR,MOTO,MASCULINO,28
618,2021-0011,1,2021-01-27,1,AVENIDA,2,-58.39144148,-34.59564871,AUTO,PEATON,PEATON,MASCULINO,21
619,2021-0012,1,2021-01-29,20,AUTOPISTA,8,-58.48191128,-34.68385968,AUTO,PEATON,PEATON,MASCULINO,0
620,2021-0013,1,2021-01-31,6,AVENIDA,10,-58.48727942,-34.63652467,OBJETO FIJO,CONDUCTOR,MOTO,MASCULINO,41
621,2021-0014,1,2021-02-02,0,AVENIDA,15,-58.48328708,-34.59779521,AUTO,PEATON,PEATON,MASCULINO,28
622,2021-0015,1,2021-02-06,3,AVENIDA,15,-58.49018543,-34.5972499,OBJETO FIJO,CONDUCTOR,MOTO,MASCULINO,26
623,2021-0016,1,2021-02-14,5,AVENIDA,8,-58.47230127,-34.68482689,OBJETO FIJO,CONDUCTOR,AUTO,MASCULINO,22
624,2021-0017,1,2021-02-17,4,AVENIDA,1,-58.38262614,-34.63168269,PASAJEROS,CONDUCTOR,MOTO,MASCULINO,33
625,2021-0018,1,2021-02-20,19,CALLE,3,-58.41047268,-34.60793518,AUTO,PEATON,PEATON,MASCULINO,36
626,2021-0019,1,2021-02-21,1,AVENIDA,12,-58.49659234,-34.56353635,OBJETO FIJO,CONDUCTOR,MOTO,MASCULINO,30
627,2021-0020,1,2021-02-21,15,CALLE,5,-58.42462955,-34.60727189,CARGAS,PEATON,PEATON,FEMENINO,0
628,2021-0021,1,2021-02-26,5,CALLE,3,-58.41168345,-34.61185625,OBJETO FIJO,CONDUCTOR,MOTO,MASCULINO,39
629,2021-0022,1,2021-02-28,12,AVENIDA,13,-58.45157681,-34.55217303,SD,PASAJERO_ACOMPAÑANTE,PASAJEROS,MASCULINO,68
630,2021-0024,1,2021-03-03,16,AVENIDA,9,-58.49573651,-34.67006054,CARGAS,CICLISTA,BICICLETA,MASCULINO,5
631,2021-0025,1,2021-03-11,3,GRAL PAZ,8,-58.48695354,-34.68795245,OTRO,CONDUCTOR,MOTO,MASCULINO,37
632,2021-0026,1,2021-03-15,2,AUTOPISTA,4,-58.37562539,-34.64449357,OBJETO FIJO,CONDUCTOR,MOTO,MASCULINO,36
633,2021-0027,1,2021-03-16,15,GRAL PAZ,12,-58.49491054,-34.54795581,CARGAS,CONDUCTOR,MOTO,FEMENINO,19
634,2021-0028,1,2021-03-29,17,AVENIDA,7,-58.44147621,-34.64357704,PASAJEROS,PEATON,PEATON,MASCULINO,0
635,2021-0029,1,2021-03-31,18,AVENIDA,7,-58.46899119,-34.63215432,AUTO,CONDUCTOR,AUTO,MASCULINO,26
636,2021-0030,1,2021-04-03,18,CALLE,4,-58.38685612,-34.63455776,PASAJEROS,PEATON,PEATON,MASCULINO,36
637,2021-0031,1,2021-04-07,10,AVENIDA,1,-58.38113667,-34.61765323,CARGAS,PEATON,PEATON,FEMENINO,68
638,2021-0032,1,2021-04-10,19,AUTOPISTA,13,-58.44112678,-34.54538956,MOTO,PEATON,PEATON,MASCULINO,60
639,2021-0033,1,2021-04-14,17,AUTOPISTA,5,-58.41595919,-34.62743346,OBJETO FIJO,CONDUCTOR,AUTO,MASCULINO,33
640,2021-0034,1,2021-04-19,14,AVENIDA,4,-58.40184094,-34.64546845,CARGAS,PASAJERO_ACOMPAÑANTE,MOTO,FEMENINO,26
641,2021-0035,1,2021-05-03,9,AVENIDA,8,-58.44642231,-34.65679806,CARGAS,CONDUCTOR,MOTO,MASCULINO,24
642,2021-0036,1,2021-05-09,6,GRAL PAZ,11,-58.52340614,-34.59798754,OBJETO FIJO,CONDUCTOR,MOTO,MASCULINO,36
643,2021-0037,1,2021-05-11,7,AVENIDA,13,-58.46649069,-34.56219075,PASAJEROS,PEATON,PEATON,FEMENINO,58
644,2021-0038,1,2021-05-14,11,AVENIDA,14,-58.42653328,-34.57816791,CARGAS,CONDUCTOR,MOTO,FEMENINO,44
645,2021-0039,1,2021-05-15,12,AVENIDA,9,-58.50407099,-34.65303372,AUTO,CICLISTA,BICICLETA,MASCULINO,86
646,2021-0040,1,2021-05-20,5,GRAL PAZ,13,-58.46743471,-34.53476874,AUTO,CONDUCTOR,MOTO,MASCULINO,27
647,2021-0041,1,2021-05-20,8,AVENIDA,14,-58.40986646,-34.5772806,PASAJEROS,PEATON,PEATON,MASCULINO,75
648,2021-0042,1,2021-05-21,5,AVENIDA,9,-58.51739138,-34.63931792,PASAJEROS,PEATON,PEATON,MASCULINO,39
649,2021-0043,1,2021-05-22,18,AVENIDA,9,-58.50719962,-34.65556223,AUTO,PEATON,PEATON,MASCULINO,50
650,2021-0044,1,2021-05-25,2,AVENIDA,9,-58.46712311,-34.64600222,OBJETO FIJO,PASAJERO_ACOMPAÑANTE,MOTO,MASCULINO,21
651,2021-0045,1,2021-05-26,17,AUTOPISTA,4,-58.37709334,-34.64035082,MULTIPLE,CONDUCTOR,MOTO,MASCULINO,22
652,2021-0046,1,2021-05-31,2,AVENIDA,15,-58.46033141,-34.58569883,OBJETO FIJO,PASAJERO_ACOMPAÑANTE,AUTO,MASCULINO,20
653,2021-0047,1,2021-06-02,16,AVENIDA,4,-58.42190745,-34.65633192,AUTO,CONDUCTOR,MOTO,MASCULINO,59
654,2021-0048,1,2021-06-03,9,AVENIDA,12,-58.49026573,-34.5698141,AUTO,CICLISTA,BICICLETA,MASCULINO,44
655,2021-0049,1,2021-06-03,20,AVENIDA,8,-58.45410344,-34.66902702,AUTO,CONDUCTOR,AUTO,MASCULINO,74
656,2021-0050,1,2021-06-10,13,AVENIDA,13,-58.44751621,-34.55719892,PASAJEROS,CONDUCTOR,MOTO,MASCULINO,56
657,2021-0051,1,2021-06-15,19,AVENIDA,4,-58.42040352,-34.66005171,CARGAS,PEATON,PEATON,MASCULINO,73
658,2021-0052,1,2021-06-20,5,GRAL PAZ,8,-58.49530249,-34.68010798,OBJETO FIJO,PASAJERO_ACOMPAÑANTE,MOTO,FEMENINO,19
659,2021-0053,1,2021-06-20,12,AVENIDA,15,-58.44399875,-34.5947736,BICICLETA,PEATON,PEATON,MASCULINO,58
660,2021-0054,1,2021-06-22,14,CALLE,4,-58.42759813,-34.65463857,CARGAS,CONDUCTOR,MOTO,MASCULINO,41
661,2021-0055,1,2021-06-29,12,AVENIDA,3,-58.40547222,-34.60456293,CARGAS,PASAJERO_ACOMPAÑANTE,MOTO,MASCULINO,47
662,2021-0056,1,2021-07-09,23,AVENIDA,4,-58.42473018,-34.6500828,AUTO,CICLISTA,BICICLETA,MASCULINO,60
663,2021-0057,1,2021-07-10,23,AUTOPISTA,2,-58.39257023,-34.57563957,OBJETO FIJO,CONDUCTOR,AUTO,MASCULINO,46
664,2021-0058,1,2021-07-21,0,GRAL PAZ,12,-58.48941042,-34.54596153,AUTO,PEATON,PEATON,MASCULINO,24
665,2021-0059,1,2021-07-22,1,AVENIDA,3,-58.3964074,-34.62783085,OBJETO FIJO,PASAJERO_ACOMPAÑANTE,AUTO,FEMENINO,44
666,2021-0060,1,2021-07-22,12,AVENIDA,5,-58.41971993,-34.6111224,PASAJEROS,PEATON,PEATON,FEMENINO,80
667,2021-0061,1,2021-07-24,9,AVENIDA,4,-58.40544588,-34.65012801,CARGAS,PEATON,PEATON,FEMENINO,55
668,2021-0062,1,2021-07-27,7,AVENIDA,4,-58.42003882,-34.64645957,CARGAS,CONDUCTOR,AUTO,MASCULINO,73
669,2021-0063,1,2021-08-02,4,AVENIDA,7,-58.46851293,-34.63348678,AUTO,PASAJERO_ACOMPAÑANTE,AUTO,FEMENINO,31
670,2021-0064,1,2021-08-02,20,GRAL PAZ,9,-58.52931141,-34.65422917,CARGAS,PEATON,PEATON,MASCULINO,37
671,2021-0065,1,2021-08-06,8,AVENIDA,6,-58.42675754,-34.6269973,PASAJEROS,PEATON,PEATON,FEMENINO,63
672,2021-0066,1,2021-08-06,20,AVENIDA,11,-58.52933723,-34.61098186,PASAJEROS,PEATON,PEATON,MASCULINO,59
673,2021-0067,1,2021-08-08,9,AUTOPISTA,1,-58.37910943,-34.62764718,OBJETO FIJO,CONDUCTOR,MOTO,MASCULINO,27
674,2021-0068,1,2021-08-15,6,AVENIDA,11,-58.52161176,-34.61164474,OBJETO FIJO,CONDUCTOR,MOTO,MASCULINO,39
675,2021-0069,1,2021-08-20,17,AVENIDA,14,-58.41354692,-34.5869768,AUTO,PEATON,PEATON,MASCULINO,17
676,2021-0070,1,2021-08-28,8,AVENIDA,8,-58.43960781,-34.65470804,CARGAS,CONDUCTOR,MOTO,MASCULINO,31
677,2021-0071,1,2021-08-31,16,CALLE,3,-58.4045461,-34.60003693,MOTO,PEATON,PEATON,MASCULINO,88
678,2021-0072,1,2021-09-01,19,AVENIDA,2,-58.39303911,-34.59871111,AUTO,PEATON,PEATON,FEMENINO,57
679,2021-0073,1,2021-09-18,12,AVENIDA,2,-58.39391034,-34.58405348,AUTO,CICLISTA,BICICLETA,FEMENINO,76
680,2021-0074,1,2021-09-20,15,GRAL PAZ,12,-58.5007381,-34.5497951,MULTIPLE,CONDUCTOR,MOTO,MASCULINO,55
681,2021-0075,1,2021-09-21,14,CALLE,1,-58.38281301,-34.62786038,CARGAS,PEATON,PEATON,MASCULINO,65
682,2021-0076,1,2021-10-16,6,AVENIDA,7,-58.43980799,-34.65094083,OBJETO FIJO,CONDUCTOR,MOTO,MASCULINO,31
683,2021-0077,1,2021-10-18,7,AVENIDA,6,-58.44402387,-34.62933109,CARGAS,CONDUCTOR,MOTO,FEMENINO,31
684,2021-0078,1,2021-10-23,6,AVENIDA,6,-58.42779702,-34.62207347,PASAJEROS,CONDUCTOR,MOTO,MASCULINO,22
685,2021-0079,1,2021-10-25,3,CALLE,3,-58.40944147,-34.60097942,AUTO,PEATON,PEATON,MASCULINO,0
686,2021-0080,1,2021-10-28,16,AVENIDA,1,-58.38277479,-34.5943016,AUTO,CONDUCTOR,MOTO,MASCULINO,32
687,2021-0081,1,2021-11-02,13,AUTOPISTA,4,-58.37627355,-34.63800916,CARGAS,CONDUCTOR,MOTO,MASCULINO,26
688,2021-0082,1,2021-11-06,4,AUTOPISTA,3,-58.39591856,-34.62453459,AUTO,CONDUCTOR,MOTO,MASCULINO,38
689,2021-0083,1,2021-11-09,0,AVENIDA,13,-58.45829717,-34.56015762,AUTO,CONDUCTOR,MOTO,MASCULINO,30
690,2021-0084,1,2021-11-11,3,AVENIDA,9,-58.49142611,-34.64584795,OBJETO FIJO,CONDUCTOR,AUTO,MASCULINO,32
691,2021-0085,1,2021-11-20,18,GRAL PAZ,12,-58.51271409,-34.57786555,OBJETO FIJO,CONDUCTOR,MOTO,MASCULINO,49
692,2021-0086,1,2021-11-25,10,AVENIDA,6,-58.44864864,-34.62352826,PASAJEROS,PEATON,PEATON,MASCULINO,75
693,2021-0087,1,2021-11-27,11,CALLE,1,-58.37795815,-34.59167894,BICICLETA,PEATON,PEATON,FEMENINO,73
694,2021-0088,1,2021-12-01,15,CALLE,13,-58.45531707,-34.55555257,AUTO,CONDUCTOR,MOTO,MASCULINO,45
695,2021-0089,1,2021-12-02,1,AVENIDA,11,-58.47633683,-34.62140594,AUTO,CONDUCTOR,MOTO,MASCULINO,41
696,2021-0090,1,2021-12-10,11,AVENIDA,1,-58.38188582,-34.60256036,PASAJEROS,PEATON,PEATON,MASCULINO,73
697,2021-0091,1,2021-12-11,23,CALLE,10,-58.51989389,-34.62284918,AUTO,CONDUCTOR,MOTO,MASCULINO,24
698,2021-0092,1,2021-12-12,6,AVENIDA,3,-58.4059686,-34.61011987,AUTO,PEATON,PEATON,FEMENINO,50
699,2021-0093,1,2021-12-13,17,AVENIDA,7,-58.43353773,-34.64561636,AUTO,PASAJERO_ACOMPAÑANTE,MOTO,FEMENINO,18
700,2021-0094,1,2021-12-20,1,AUTOPISTA,9,-58.46739825,-34.65117757,AUTO,PASAJERO_ACOMPAÑANTE,MOTO,FEMENINO,43
701,2021-0095,1,2021-12-30,0,AVENIDA,11,-58.47293407,-34.61984745,CARGAS,CONDUCTOR,MOTO,MASCULINO,27
702,2021-0096,1,2021-12-15,10,AVENIDA,9,-58.47066794,-34.65021673,CARGAS,CONDUCTOR,AUTO,MASCULINO,60
703,2021-0097,1,2021-11-18,6,CALLE,1,-58.37976155,-34.58679619,AUTO,CICLISTA,BICICLETA,MASCULINO,53
